[{"id": "3660", "route": [81, 82], "lat": "42.458150", "lon": "-76.475667", "img": "http://tcat.nextinsight.com/stoppics/67.jpg", "area": "Cornell - North Campus ", "farezone": "Zone 1", "name": "A Lot"}, {"id": "9402", "route": [], "lat": "0.000000", "lon": "0.000000", "area": "Cayuga Heights", "farezone": "Zone 1", "name": "Acacia - see \"Highland @Country Club Rd\""}, {"id": "2220", "route": [32, 72], "lat": "42.489067", "lon": "-76.462600", "img": "http://tcat.nextinsight.com/stoppics/6.jpg", "area": "Lansing (Village/ Shops at Ithaca Mall) ", "farezone": "Zone 1", "name": "Airport"}, {"id": "9182", "route": [11, 13, 14, 17, 30, 32, 36, 40, 43, 51, 52, 67, 70, 72, 74, 90], "lat": "42.439880", "lon": "-76.501809", "area": "Ithaca - Downtown/ Commons", "farezone": "Zone 1", "name": "Albany @ Salvation Army"}, {"id": "8086", "route": [13], "lat": "42.449233", "lon": "-76.506450", "img": "http://tcat.nextinsight.com/stoppics/251.jpg", "area": "Ithaca - Northside/ Fall Creek ", "farezone": "Zone 1", "name": "Aldi"}, {"id": "9342", "route": [92, 93], "lat": "42.453809", "lon": "-76.487995", "area": "Cornell - North Campus ", "farezone": "Zone 1", "name": "Alpha Epsilon Pi"}, {"id": "8091", "route": [10, 30, 32, 41, 51, 70, 72, 90, 92, 93], "lat": "42.444837", "lon": "-76.485172", "img": "http://tcat.nextinsight.com/stoppics/276.jpg", "area": "Cornell - Central Campus ", "farezone": "Zone 1", "name": "Anabel Taylor Hall"}, {"id": "9340", "route": [82, 93], "lat": "42.453323", "lon": "-76.476125", "img": "http://tcat.nextinsight.com/stoppics/252.jpg", "area": "Cornell - North Campus ", "farezone": "Zone 1", "name": "Appel Commons @ Cradit Farm"}, {"id": "9355", "route": [37], "lat": "42.526741", "lon": "-76.491795", "area": "Lansing (Town) ", "farezone": "Zone 2", "name": "Asbury @ Triphammer"}, {"id": "6500", "route": [21], "lat": "42.547383", "lon": "-76.676117", "img": "http://tcat.nextinsight.com/stoppics/253.jpg", "area": "Trumansburg ", "farezone": "Zone 2", "name": "Aubles Trailer Park"}, {"id": "9357", "route": [37], "lat": "42.556779", "lon": "-76.493983", "area": "Lansing (Town) ", "farezone": "Zone 2", "name": "Auburn Rd. (Rt. 34) @ Buck Rd."}, {"id": "9358", "route": [37], "lat": "42.567542", "lon": "-76.492975", "area": "Lansing (Town) ", "farezone": "Zone 2", "name": "Auburn Rd. (Rt. 34) @ E. Lansing/Searles"}, {"id": "8064", "route": [65], "lat": "42.439219", "lon": "-76.495590", "img": "http://tcat.nextinsight.com/stoppics/254.jpg", "area": "Ithaca - Downtown/ Commons", "farezone": "Zone 1", "name": "Aurora @ Commons"}, {"id": "9412", "route": [82], "lat": "42.446328", "lon": "-76.464519", "area": "", "farezone": "Zone 1", "name": "B Lot @ Vet Medical Center"}, {"id": "3900", "route": [36, 70, 72, 83, 92, 93], "lat": "42.447820", "lon": "-76.487736", "img": "http://tcat.nextinsight.com/stoppics/255.jpg", "area": "Cornell - West Campus ", "farezone": "Zone 1", "name": "Baker Flagpole"}, {"id": "8083", "route": [36, 70, 72, 92, 93], "lat": "42.447817", "lon": "-76.487483", "img": "http://tcat.nextinsight.com/stoppics/256.jpg", "area": "Cornell - West Campus ", "farezone": "Zone 1", "name": "Baker Flagpole/Slopeside"}, {"id": "8092", "route": [82, 93], "lat": "42.452893", "lon": "-76.479412", "img": "http://tcat.nextinsight.com/stoppics/222.jpg", "area": "Cornell - North Campus ", "farezone": "Zone 1", "name": "Balch Hall @ Cradit Farm"}, {"id": "3600", "route": [30, 32, 70, 72, 75, 82, 90, 93], "lat": "42.452977", "lon": "-76.480991", "img": "http://tcat.nextinsight.com/stoppics/223.jpg", "area": "Cornell - North Campus ", "farezone": "Zone 1", "name": "Balch Hall @ Thurston"}, {"id": "9215", "route": [15], "lat": "42.429238", "lon": "-76.513381", "img": "http://tcat.nextinsight.com/stoppics/257.jpg", "area": "Ithaca - Southside/ Southwest ", "farezone": "Zone 1", "name": "Bed Bath and Beyond"}, {"id": "9135", "route": [15], "lat": "42.429958", "lon": "-76.504908", "img": "http://tcat.nextinsight.com/stoppics/258.jpg", "area": "Ithaca - Southside/ Southwest ", "farezone": "Zone 1", "name": "BOCES (Elmira Rd.)"}, {"id": "9249", "route": [31], "lat": "42.475128", "lon": "-76.466008", "img": "http://tcat.nextinsight.com/stoppics/259.jpg", "area": "Town of Ithaca - Northeast ", "farezone": "Zone 1", "name": "BOCES (TST BOCES-Warren Rd.)"}, {"id": "9368", "route": [52, 53], "lat": "42.393639", "lon": "-76.362834", "area": "Caroline/ Brooktondale", "farezone": "Zone 2", "name": "Boiceville Rd. @ Rt. 79"}, {"id": "9032", "route": [10, 36, 83, 92, 93], "lat": "42.449263", "lon": "-76.489250", "area": "Cornell - West Campus ", "farezone": "Zone 1", "name": "Boldt Hall"}, {"id": "3360", "route": [20, 21, 36, 40, 43, 51, 52, 53, 65, 67, 75, 82, 92], "lat": "42.447451", "lon": "-76.467465", "img": "http://tcat.nextinsight.com/stoppics/278.jpg", "area": "Cornell - Vet School Area ", "farezone": "Zone 1", "name": "Boyce-Thompson Institute"}, {"id": "9197", "route": [13, 36], "lat": "42.460748", "lon": "-76.497213", "area": "Ithaca - Northside/ Fall Creek ", "farezone": "Zone 1", "name": "Boynton Middle School"}, {"id": "8094", "route": [20, 21, 31, 37, 40, 41, 43, 51, 52, 53, 65, 67, 75, 81, 82, 83, 92], "lat": "42.447436", "lon": "-76.476558", "img": "http://tcat.nextinsight.com/stoppics/227.jpg", "area": "Cornell - Central Campus ", "farezone": "Zone 1", "name": "Bradfield Across the Street"}, {"id": "8093", "route": [20, 21, 31, 36, 37, 40, 41, 43, 51, 52, 53, 65, 67, 75, 81, 82, 83, 92], "lat": "42.447717", "lon": "-76.476583", "img": "http://tcat.nextinsight.com/stoppics/260.jpg", "area": "Cornell - Central Campus ", "farezone": "Zone 1", "name": "Bradfield Hall"}, {"id": "9251", "route": [31], "lat": "42.479100", "lon": "-76.463385", "area": "Town of Ithaca - Northeast ", "farezone": "Zone 1", "name": "Brentwood Dr. @ Arrowood Dr."}, {"id": "5115", "route": [52, 53], "lat": "42.380902", "lon": "-76.393331", "area": "Caroline/ Brooktondale", "farezone": "Zone 2", "name": "Brooktondale Park & Ride Outbound"}, {"id": "9057", "route": [53], "lat": "42.381028", "lon": "-76.393182", "area": "Caroline/ Brooktondale", "farezone": "Zone 2", "name": "Brooktondale Park and Ride Inbound"}, {"id": "5110", "route": [52, 53], "lat": "42.381583", "lon": "-76.396667", "img": "http://tcat.nextinsight.com/stoppics/75.jpg", "area": "Caroline/ Brooktondale", "farezone": "Zone 2", "name": "Brooktondale Store"}, {"id": "9268", "route": [32, 72], "lat": "42.487509", "lon": "-76.464565", "area": "Town of Ithaca - Northeast ", "farezone": "Zone 1", "name": "Brown Rd. @ Culligan"}, {"id": "9054", "route": [21], "lat": "42.440846", "lon": "-76.511246", "area": "Ithaca - West Hill/ West End ", "farezone": "Zone 1", "name": "Buffalo @ Fulton (Greenstar backside)"}, {"id": "1900", "route": [67], "lat": "42.417576", "lon": "-76.523455", "area": "Ithaca - Southside/ Southwest ", "farezone": "Zone 1", "name": "Buttermilk Falls @ Rt. 13"}, {"id": "9404", "route": [], "lat": "42.416937", "lon": "-76.521886", "area": "Ithaca - Southside/ Southwest ", "farezone": "Zone 1", "name": "Buttermilk Falls SP - Lower entrance"}, {"id": "9205", "route": [14], "lat": "42.455278", "lon": "-76.524163", "area": "Town of Ithaca - West Hill ", "farezone": "Zone 1", "name": "Campbell @ Brookfield Rd."}, {"id": "9203", "route": [14], "lat": "42.452468", "lon": "-76.523348", "area": "Town of Ithaca - West Hill ", "farezone": "Zone 1", "name": "Campbell @ Hector St. (Rte. 79)"}, {"id": "9204", "route": [14], "lat": "42.456533", "lon": "-76.524614", "area": "Town of Ithaca - West Hill ", "farezone": "Zone 1", "name": "Campbell @ Hopkins Pl."}, {"id": "9207", "route": [14, 21], "lat": "42.460016", "lon": "-76.528616", "area": "Town of Ithaca - West Hill ", "farezone": "Zone 1", "name": "Candlewyck Dr @ Route 96 (Trumansburg Rd"}, {"id": "5140", "route": [52], "lat": "42.393883", "lon": "-76.349783", "img": "http://tcat.nextinsight.com/stoppics/261.jpg", "area": "Caroline/ Brooktondale", "farezone": "Zone 2", "name": "Caroline Town Hall"}, {"id": "8072", "route": [52], "lat": "42.378215", "lon": "-76.278395", "img": "http://tcat.nextinsight.com/stoppics/262.jpg", "area": "Caroline/ Brooktondale", "farezone": "Zone 2", "name": "Caroline Turn-Around"}, {"id": "9020", "route": [30, 32, 41, 51, 70, 72, 90, 92, 93], "lat": "42.445050", "lon": "-76.484950", "img": "http://tcat.nextinsight.com/stoppics/263.jpg", "area": "Cornell - Central Campus ", "farezone": "Zone 1", "name": "Carpenter Hall"}, {"id": "9155", "route": [13], "lat": "42.444442", "lon": "-76.502089", "area": "Ithaca - Northside/ Fall Creek ", "farezone": "Zone 1", "name": "Cascadilla @ Albany"}, {"id": "9202", "route": [13], "lat": "42.444545", "lon": "-76.499554", "area": "Ithaca - Northside/ Fall Creek ", "farezone": "Zone 1", "name": "Cascadilla @ Cayuga"}, {"id": "9082", "route": [13], "lat": "42.444532", "lon": "-76.503449", "area": "Ithaca - Northside/ Fall Creek ", "farezone": "Zone 1", "name": "Cascadilla @ Third"}, {"id": "8025", "route": [], "lat": "42.452468", "lon": "-76.514990", "img": "http://tcat.nextinsight.com/stoppics/229.jpg", "area": "Ithaca - West Hill/ West End ", "farezone": "Zone 1", "name": "Cass Park"}, {"id": "8023", "route": [], "lat": "42.460536", "lon": "-76.500172", "img": "http://tcat.nextinsight.com/stoppics/226.jpg", "area": "Ithaca - Northside/ Fall Creek ", "farezone": "Zone 1", "name": "Cayuga @ Boynton MS"}, {"id": "9166", "route": [13, 17, 36, 74], "lat": "42.441210", "lon": "-76.499004", "area": "Ithaca - Downtown/ Commons", "farezone": "Zone 1", "name": "Cayuga @ Buffalo"}, {"id": "9191", "route": [13, 17, 36, 74], "lat": "42.445020", "lon": "-76.499372", "area": "Ithaca - Northside/ Fall Creek ", "farezone": "Zone 1", "name": "Cayuga @ Cascadilla"}, {"id": "9167", "route": [13, 17, 36, 74], "lat": "42.442483", "lon": "-76.499053", "img": "http://tcat.nextinsight.com/stoppics/264.jpg", "area": "Ithaca - Downtown/ Commons", "farezone": "Zone 1", "name": "Cayuga @ Court"}, {"id": "9168", "route": [17, 36], "lat": "42.444850", "lon": "-76.499117", "area": "Ithaca - Northside/ Fall Creek ", "farezone": "Zone 1", "name": "Cayuga @ Farm"}, {"id": "9012", "route": [], "lat": "42.455208", "lon": "-76.500083", "area": "Ithaca - Northside/ Fall Creek ", "farezone": "Zone 1", "name": "Cayuga @ Ithaca HS"}, {"id": "9153", "route": [13, 17, 36, 74], "lat": "42.450726", "lon": "-76.499750", "area": "Ithaca - Northside/ Fall Creek ", "farezone": "Zone 1", "name": "Cayuga @ Jay"}, {"id": "9083", "route": [13, 17, 36, 74], "lat": "42.449650", "lon": "-76.499723", "area": "Ithaca - Northside/ Fall Creek ", "farezone": "Zone 1", "name": "Cayuga @ Lewis"}, {"id": "1460", "route": [13, 17, 36, 74], "lat": "42.452017", "lon": "-76.499650", "img": "http://tcat.nextinsight.com/stoppics/265.jpg", "area": "Ithaca - Northside/ Fall Creek ", "farezone": "Zone 1", "name": "Cayuga @ Lincoln"}, {"id": "9169", "route": [17, 36, 74], "lat": "42.446003", "lon": "-76.499236", "area": "Ithaca - Northside/ Fall Creek ", "farezone": "Zone 1", "name": "Cayuga @ Marshall"}, {"id": "9171", "route": [13, 17, 36, 74], "lat": "42.448351", "lon": "-76.499509", "img": "http://tcat.nextinsight.com/stoppics/266.jpg", "area": "Ithaca - Northside/ Fall Creek ", "farezone": "Zone 1", "name": "Cayuga @ Tompkins"}, {"id": "9170", "route": [17, 36, 74], "lat": "42.447136", "lon": "-76.499311", "area": "Ithaca - Northside/ Fall Creek ", "farezone": "Zone 1", "name": "Cayuga @ Yates"}, {"id": "6000", "route": [14], "lat": "42.468305", "lon": "-76.537001", "img": "http://tcat.nextinsight.com/stoppics/279.jpg", "area": "Town of Ithaca - West Hill ", "farezone": "Zone 1", "name": "Cayuga Medical Center"}, {"id": "8026", "route": [], "lat": "42.519314", "lon": "-76.554731", "img": "http://tcat.nextinsight.com/stoppics/268.jpg", "area": "Ulysses ", "farezone": "Zone 2", "name": "Cayuga Nature Center"}, {"id": "9208", "route": [14, 21], "lat": "42.462505", "lon": "-76.532688", "img": "http://tcat.nextinsight.com/stoppics/269.jpg", "area": "Town of Ithaca - West Hill ", "farezone": "Zone 1", "name": "Cayuga Ridge @ Route 96"}, {"id": "9088", "route": [14], "lat": "42.438643", "lon": "-76.519086", "area": "Ithaca - West Hill/ West End ", "farezone": "Zone 1", "name": "Chestnut @ Elm Street"}, {"id": "9089", "route": [14], "lat": "42.441697", "lon": "-76.517980", "img": "http://tcat.nextinsight.com/stoppics/270.jpg", "area": "Ithaca - West Hill/ West End ", "farezone": "Zone 1", "name": "Chestnut Hill Apartments"}, {"id": "9388", "route": [32, 72], "lat": "42.480967", "lon": "-76.478430", "area": "Lansing (Village/ Shops at Ithaca Mall) ", "farezone": "Zone 1", "name": "Cinema Dr. @ Uptown Rd."}, {"id": "9387", "route": [32, 72], "lat": "42.478631", "lon": "-76.478341", "area": "Lansing (Village/ Shops at Ithaca Mall) ", "farezone": "Zone 1", "name": "Cinema Drive @ Crosswalk"}, {"id": "9380", "route": [82], "lat": "42.438508", "lon": "-76.465254", "area": "Town of Ithaca - East Hill ", "farezone": "Zone 1", "name": "Ciser (Across Street)"}, {"id": "9379", "route": [82], "lat": "42.438653", "lon": "-76.465359", "area": "Town of Ithaca - East Hill ", "farezone": "Zone 1", "name": "Ciser Shelter"}, {"id": "9124", "route": [15, 67], "lat": "42.436689", "lon": "-76.501767", "area": "Ithaca - Downtown/ Commons", "farezone": "Zone 1", "name": "Clinton @ Albany"}, {"id": "8142", "route": [67], "lat": "42.436719", "lon": "-76.505882", "area": "Ithaca - Southside/ Southwest ", "farezone": "Zone 1", "name": "Clinton @ Corn"}, {"id": "9125", "route": [15, 67], "lat": "42.436673", "lon": "-76.502749", "area": "Ithaca - Downtown/ Commons", "farezone": "Zone 1", "name": "Clinton @ Fayette"}, {"id": "1221", "route": [15], "lat": "42.436842", "lon": "-76.500593", "area": "Ithaca - Downtown/ Commons", "farezone": "Zone 1", "name": "Clinton @ Geneva"}, {"id": "9127", "route": [15, 67], "lat": "42.436810", "lon": "-76.503599", "img": "http://tcat.nextinsight.com/stoppics/272.jpg", "area": "Ithaca - Southside/ Southwest ", "farezone": "Zone 1", "name": "Clinton @ Plain"}, {"id": "1250", "route": [67], "lat": "42.436564", "lon": "-76.506354", "img": "http://tcat.nextinsight.com/stoppics/273.jpg", "area": "Ithaca - Southside/ Southwest ", "farezone": "Zone 1", "name": "Clinton West Plaza"}, {"id": "8043", "route": [30, 32, 51, 70, 72, 90], "lat": "42.441883", "lon": "-76.485317", "img": "http://tcat.nextinsight.com/stoppics/178.jpg", "area": "Ithaca - Collegetown ", "farezone": "Zone 1", "name": "College @ Dryden"}, {"id": "1750", "route": [10, 30, 32, 51, 70, 72, 90], "lat": "42.437995", "lon": "-76.485069", "img": "http://tcat.nextinsight.com/stoppics/274.jpg", "area": "Ithaca - Collegetown ", "farezone": "Zone 1", "name": "College @ Mitchell"}, {"id": "9315", "route": [51, 53, 93], "lat": "42.424355", "lon": "-76.464538", "area": "Town of Ithaca - East Hill ", "farezone": "Zone 1", "name": "Commonland (Rt. 79 @ Lois Lane)"}, {"id": "9092", "route": [14], "lat": "42.450920", "lon": "-76.532140", "area": "Town of Ithaca - West Hill ", "farezone": "Zone 1", "name": "Conifer Village"}, {"id": "8122", "route": [31, 32], "lat": "42.479876", "lon": "-76.465026", "img": "http://tcat.nextinsight.com/stoppics/232.jpg", "area": "Town of Ithaca - Northeast ", "farezone": "Zone 1", "name": "Convenient Care"}, {"id": "3220", "route": [20, 21, 31, 36, 37, 40, 41, 43, 51, 52, 53, 65, 67, 75, 81, 82, 83, 92], "lat": "42.447443", "lon": "-76.479290", "img": "http://tcat.nextinsight.com/stoppics/72.jpg", "area": "Cornell - Central Campus ", "farezone": "Zone 1", "name": "Corson/Mudd Hall"}, {"id": "8125", "route": [10], "lat": "42.443103", "lon": "-76.494408", "img": "http://tcat.nextinsight.com/stoppics/233.jpg", "area": "Ithaca - Northside/ Fall Creek ", "farezone": "Zone 1", "name": "Court @ Linn"}, {"id": "9413", "route": [81], "lat": "42.455289", "lon": "-76.473722", "area": "Cornell - North Campus ", "farezone": "Zone 1", "name": "Cradit Farm @ Pleasant Grove"}, {"id": "4070", "route": [41, 74], "lat": "42.479626", "lon": "-76.399693", "img": "http://tcat.nextinsight.com/stoppics/38.jpg", "area": "Dryden (Town) ", "farezone": "Zone 1", "name": "Creekwood Apartments"}, {"id": "3350", "route": [20, 21, 31, 36, 37, 40, 41, 43, 51, 52, 53, 65, 67, 75, 81, 82, 92], "lat": "42.447431", "lon": "-76.471433", "img": "http://tcat.nextinsight.com/stoppics/182.jpg", "area": "Cornell - Vet School Area ", "farezone": "Zone 1", "name": "Dairy Bar"}, {"id": "8095", "route": [20, 21, 31, 36, 37, 40, 41, 43, 51, 52, 53, 65, 67, 75, 81, 82, 83, 92], "lat": "42.447685", "lon": "-76.471409", "img": "http://tcat.nextinsight.com/stoppics/234.jpg", "area": "Cornell - Vet School Area ", "farezone": "Zone 1", "name": "Dairy Bar Across Street"}, {"id": "5300", "route": [65], "lat": "42.357244", "lon": "-76.483002", "img": "http://tcat.nextinsight.com/stoppics/80.jpg", "area": "Danby ", "farezone": "Zone 2", "name": "Danby Fire Station"}, {"id": "9190", "route": [41], "lat": "42.482099", "lon": "-76.417379", "area": "Dryden (Town) ", "farezone": "Zone 1", "name": "Demand and Response (DAR) Zone"}, {"id": "9255", "route": [31, 37], "lat": "42.476259", "lon": "-76.466990", "area": "Town of Ithaca - Northeast ", "farezone": "Zone 1", "name": "Dewitt Middle School"}, {"id": "302", "route": [40, 43, 53, 75], "lat": "42.460217", "lon": "-76.427367", "img": "http://tcat.nextinsight.com/stoppics/280.jpg", "area": "Dryden (Town) ", "farezone": "Zone 1", "name": "Dryden @ Turkey Hill Road"}, {"id": "9359", "route": [40, 43, 75], "lat": "42.467281", "lon": "-76.411087", "area": "Dryden (Town) ", "farezone": "Zone 1", "name": "Dryden Rd. @ Baker Hill Rd."}, {"id": "9317", "route": [40, 43, 53, 75], "lat": "42.450734", "lon": "-76.449544", "area": "Town of Ithaca - East Hill ", "farezone": "Zone 1", "name": "Dryden Rd. @ Game Farm Rd."}, {"id": "9381", "route": [36, 82, 93], "lat": "42.442283", "lon": "-76.476699", "area": "Town of Ithaca - East Hill ", "farezone": "Zone 1", "name": "Dryden Rd. @ Humphreys Crosswalk"}, {"id": "9080", "route": [], "lat": "42.441090", "lon": "-76.478284", "area": "Town of Ithaca - East Hill ", "farezone": "Zone 1", "name": "Dryden Rd. @ Ithaca Rd."}, {"id": "9320", "route": [40, 43, 53, 75], "lat": "42.455783", "lon": "-76.436310", "area": "Dryden (Town) ", "farezone": "Zone 1", "name": "Dryden Rd. @ Mt. Pleasant Rd."}, {"id": "4230", "route": [43, 75], "lat": "42.472320", "lon": "-76.294792", "img": "http://tcat.nextinsight.com/stoppics/18.jpg", "area": "Dryden (Town) ", "farezone": "Zone 2", "name": "Dryden South"}, {"id": "9365", "route": [43, 75], "lat": "42.490414", "lon": "-76.299405", "area": "Dryden (Village/ TC3) ", "farezone": "Zone 2", "name": "Dryden Village @ Post Office"}, {"id": "8060", "route": [43, 75], "lat": "42.490596", "lon": "-76.299609", "img": "http://tcat.nextinsight.com/stoppics/81.jpg", "area": "Dryden (Village/ TC3) ", "farezone": "Zone 2", "name": "Dryden Village @ Sunoco"}, {"id": "9378", "route": [], "lat": "42.438568", "lon": "-76.463409", "area": "Town of Ithaca - East Hill ", "farezone": "Zone 1", "name": "East Hill Office Building Across Street"}, {"id": "9377", "route": [82], "lat": "42.438942", "lon": "-76.462950", "area": "Town of Ithaca - East Hill ", "farezone": "Zone 1", "name": "East Hill Office Building Loop"}, {"id": "3540", "route": [51, 92, 93], "lat": "42.437635", "lon": "-76.462642", "img": "http://tcat.nextinsight.com/stoppics/237.jpg", "area": "Town of Ithaca - East Hill ", "farezone": "Zone 1", "name": "East Hill Plaza"}, {"id": "9303", "route": [82, 92, 93], "lat": "42.441404", "lon": "-76.471801", "area": "Town of Ithaca - East Hill ", "farezone": "Zone 1", "name": "East Ithaca Apts. @ Maple (inbound)"}, {"id": "9302", "route": [82, 92, 93], "lat": "42.441266", "lon": "-76.472054", "area": "Town of Ithaca - East Hill ", "farezone": "Zone 1", "name": "East Ithaca Apts. @ Maple (outbound)"}, {"id": "9278", "route": [36], "lat": "42.525009", "lon": "-76.500152", "area": "Lansing (Town) ", "farezone": "Zone 2", "name": "East Shore Dr. @ Asbury Rd."}, {"id": "9279", "route": [36], "lat": "42.530393", "lon": "-76.501043", "area": "Lansing (Town) ", "farezone": "Zone 2", "name": "East Shore Dr. @ Atwater Rd."}, {"id": "9275", "route": [36], "lat": "42.501086", "lon": "-76.509347", "area": "Lansing (Town) ", "farezone": "Zone 1", "name": "East Shore Dr. @ Autumn Ridge"}, {"id": "9284", "route": [36], "lat": "42.502177", "lon": "-76.509444", "area": "Lansing (Town) ", "farezone": "Zone 1", "name": "East Shore Dr. @ Bolton Point Rd."}, {"id": "9274", "route": [36], "lat": "42.497771", "lon": "-76.509680", "area": "Lansing (Town) ", "farezone": "Zone 1", "name": "East Shore Dr. @ Burdick Hill Rd."}, {"id": "9280", "route": [36], "lat": "42.532939", "lon": "-76.502867", "area": "Lansing (Town) ", "farezone": "Zone 2", "name": "East Shore Dr. @ Cayuga Vista Dr."}, {"id": "9281", "route": [36], "lat": "42.528085", "lon": "-76.500871", "area": "Lansing (Town) ", "farezone": "Zone 2", "name": "East Shore Dr. @ Drake Rd."}, {"id": "9283", "route": [36], "lat": "42.514713", "lon": "-76.508746", "area": "Lansing (Town) ", "farezone": "Zone 1", "name": "East Shore Dr. @ East Lake Rd."}, {"id": "9282", "route": [36], "lat": "42.517208", "lon": "-76.507469", "area": "Lansing (Town) ", "farezone": "Zone 2", "name": "East Shore Dr. @ East Shore Circle"}, {"id": "9285", "route": [36], "lat": "42.497526", "lon": "-76.509948", "area": "Lansing (Town) ", "farezone": "Zone 1", "name": "East Shore Dr. @ Esty Dr."}, {"id": "9286", "route": [36], "lat": "42.463993", "lon": "-76.499176", "area": "Ithaca - Northside/ Fall Creek ", "farezone": "Zone 1", "name": "East Shore Dr. @ James L. Gibbs Dr."}, {"id": "9276", "route": [36], "lat": "42.515512", "lon": "-76.508231", "area": "Lansing (Town) ", "farezone": "Zone 1", "name": "East Shore Dr. @ Waterwagon"}, {"id": "9311", "route": [51, 93], "lat": "42.425025", "lon": "-76.456443", "area": "Town of Ithaca - East Hill ", "farezone": "Zone 1", "name": "Eastern Hts. @ Joanne Dr."}, {"id": "9310", "route": [51, 93], "lat": "42.423338", "lon": "-76.452516", "area": "Town of Ithaca - East Hill ", "farezone": "Zone 1", "name": "Eastern Hts. @ Sharlene Dr."}, {"id": "5020", "route": [51, 93], "lat": "42.422262", "lon": "-76.448390", "img": "http://tcat.nextinsight.com/stoppics/20.jpg", "area": "Town of Ithaca - East Hill ", "farezone": "Zone 1", "name": "Eastern Hts. @ Skyvue"}, {"id": "6950", "route": [20], "lat": "42.448119", "lon": "-76.540139", "img": "http://tcat.nextinsight.com/stoppics/238.jpg", "area": "Town of Ithaca - West Hill ", "farezone": "Zone 1", "name": "EcoVillage @ Rt. 79"}, {"id": "5114", "route": [53], "lat": "42.428097", "lon": "-76.415191", "img": "http://tcat.nextinsight.com/stoppics/239.jpg", "area": "Dryden (Town) ", "farezone": "Zone 1", "name": "Ellis Hollow @ Genung Rd."}, {"id": "9369", "route": [53], "lat": "42.393655", "lon": "-76.367265", "area": "Caroline/ Brooktondale", "farezone": "Zone 2", "name": "Ellis Hollow @ Rt. 79"}, {"id": "8117", "route": [67], "lat": "42.419984", "lon": "-76.519405", "area": "Ithaca - Southside/ Southwest ", "farezone": "Zone 1", "name": "Elmira @ Spencer"}, {"id": "9139", "route": [67], "lat": "42.422888", "lon": "-76.516223", "area": "Ithaca - Southside/ Southwest ", "farezone": "Zone 1", "name": "Elmira Rd. @ Hess gas station"}, {"id": "6900", "route": [20], "lat": "42.437817", "lon": "-76.630967", "img": "http://tcat.nextinsight.com/stoppics/241.jpg", "area": "", "farezone": "", "name": "Enfield Center / Park-n-Ride"}, {"id": "6910", "route": [20], "lat": "42.450663", "lon": "-76.631109", "area": "Enfield ", "farezone": "Zone 2", "name": "Enfield Main Rd. @ Rt. 79"}, {"id": "8056", "route": [41, 74], "lat": "42.487183", "lon": "-76.409683", "img": "http://tcat.nextinsight.com/stoppics/25.jpg", "area": "Dryden (Town) ", "farezone": "Zone 1", "name": "Etna @ Pinckney"}, {"id": "4090", "route": [40, 74], "lat": "42.485355", "lon": "-76.383750", "area": "Dryden (Town) ", "farezone": "Zone 1", "name": "Etna Mills Apartments"}, {"id": "9149", "route": [13, 36, 74], "lat": "42.452828", "lon": "-76.494817", "area": "Ithaca - Northside/ Fall Creek ", "farezone": "Zone 1", "name": "Falls @ Lake"}, {"id": "9403", "route": [13], "lat": "42.449130", "lon": "-76.506759", "area": "Ithaca - Northside/ Fall Creek ", "farezone": "Zone 1", "name": "Farmers Market / Aldi"}, {"id": "9336", "route": [77], "lat": "42.514571", "lon": "-76.469564", "area": "Lansing (Town) ", "farezone": "Zone 1", "name": "Farrel Rd. @ Springbrook Circle"}, {"id": "9210", "route": [14, 21], "lat": "42.463993", "lon": "-76.535203", "area": "Town of Ithaca - West Hill ", "farezone": "Zone 1", "name": "Finger Lakes School of Massage"}, {"id": "8105", "route": [70, 72], "lat": "42.451478", "lon": "-76.483748", "area": "Cornell - Central Campus ", "farezone": "Zone 1", "name": "Foundry - Cornell"}, {"id": "9366", "route": [43], "lat": "42.513721", "lon": "-76.346269", "area": "Dryden (Town) ", "farezone": "Zone 2", "name": "Freeville - Railroad St. (Rt. 38 @ Rt. 3"}, {"id": "8055", "route": [40, 74], "lat": "42.512079", "lon": "-76.350461", "img": "http://tcat.nextinsight.com/stoppics/82.jpg", "area": "Dryden (Town) ", "farezone": "Zone 2", "name": "Freeville Park-n-Ride"}, {"id": "4100", "route": [40, 74], "lat": "42.512001", "lon": "-76.350384", "img": "http://tcat.nextinsight.com/stoppics/26.jpg", "area": "Dryden (Town) ", "farezone": "Zone 2", "name": "Freeville Village"}, {"id": "9264", "route": [32, 72], "lat": "42.480524", "lon": "-76.472965", "area": "Town of Ithaca - Northeast ", "farezone": "Zone 1", "name": "Gaslight Village Apts."}, {"id": "9122", "route": [15], "lat": "42.436907", "lon": "-76.500706", "img": "http://tcat.nextinsight.com/stoppics/271.jpg", "area": "Ithaca - Downtown/ Commons", "farezone": "Zone 1", "name": "Geneva @ Clinton"}, {"id": "9142", "route": [15], "lat": "42.438460", "lon": "-76.500610", "area": "Ithaca - Downtown/ Commons", "farezone": "Zone 1", "name": "Geneva @ Green"}, {"id": "9326", "route": [15], "lat": "42.439625", "lon": "-76.500828", "area": "Ithaca - Downtown/ Commons", "farezone": "Zone 1", "name": "Geneva @ State"}, {"id": "3040", "route": [10, 30, 32, 75, 81, 82, 90], "lat": "42.448276", "lon": "-76.482879", "img": "http://tcat.nextinsight.com/stoppics/281.jpg", "area": "Cornell - Central Campus ", "farezone": "Zone 1", "name": "Goldwin Smith Hall"}, {"id": "9338", "route": [77], "lat": "42.486277", "lon": "-76.486945", "area": "Lansing (Village/ Shops at Ithaca Mall) ", "farezone": "Zone 1", "name": "Graham @ Triphammer Rd."}, {"id": "1010", "route": [11, 13, 14, 15, 17, 20, 21, 30, 31, 32, 36, 37, 40, 43, 51, 52, 53, 65, 67, 70, 72, 74, 75, 90], "lat": "42.438566", "lon": "-76.497642", "img": "http://tcat.nextinsight.com/stoppics/84.jpg", "area": "Ithaca - Downtown/ Commons", "farezone": "Zone 1", "name": "Green @ Commons"}, {"id": "9056", "route": [20, 21], "lat": "42.438391", "lon": "-76.502813", "area": "Ithaca - Downtown/ Commons", "farezone": "Zone 1", "name": "Green @ Fayette"}, {"id": "9052", "route": [20, 21], "lat": "42.438267", "lon": "-76.508797", "area": "Ithaca - West Hill/ West End ", "farezone": "Zone 1", "name": "Green @ Meadow"}, {"id": "9385", "route": [21], "lat": "42.440656", "lon": "-76.511182", "area": "Ithaca - West Hill/ West End ", "farezone": "Zone 1", "name": "Greenstar"}, {"id": "9363", "route": [40, 43, 74], "lat": "42.587111", "lon": "-76.366750", "area": "Groton ", "farezone": "Zone 1", "name": "Groton Express Mart"}, {"id": "9362", "route": [40, 43, 74], "lat": "42.580404", "lon": "-76.369314", "area": "Groton ", "farezone": "Zone 2", "name": "Groton High School"}, {"id": "4300", "route": [40, 43, 74], "lat": "42.586483", "lon": "-76.366310", "img": "http://tcat.nextinsight.com/stoppics/85.jpg", "area": "Groton ", "farezone": "Zone 2", "name": "Groton Main Street"}, {"id": "9361", "route": [40, 43, 74], "lat": "42.548140", "lon": "-76.361536", "area": "Groton ", "farezone": "Zone 2", "name": "Groton Rd. @ Peruville Rd."}, {"id": "8061", "route": [74], "lat": "42.589850", "lon": "-76.369233", "img": "http://tcat.nextinsight.com/stoppics/86.jpg", "area": "Groton ", "farezone": "Zone 2", "name": "Groton Town Hall"}, {"id": "9396", "route": [], "lat": "42.451091", "lon": "-76.493600", "area": "Cornell - West Campus ", "farezone": "Zone 1", "name": "Gun Hill Apartments"}, {"id": "9395", "route": [31], "lat": "42.476123", "lon": "-76.430683", "area": "Dryden (Town) ", "farezone": "Zone 1", "name": "Guthrie Clinic @ Hanshaw Rd."}, {"id": "9100", "route": [14], "lat": "42.436315", "lon": "-76.526116", "area": "Ithaca - West Hill/ West End ", "farezone": "Zone 1", "name": "Haller @ Elm"}, {"id": "9194", "route": [13], "lat": "42.448324", "lon": "-76.500844", "area": "Ithaca - Northside/ Fall Creek ", "farezone": "Zone 1", "name": "Hancock @ Auburn"}, {"id": "9094", "route": [13], "lat": "42.447239", "lon": "-76.503087", "area": "Ithaca - Northside/ Fall Creek ", "farezone": "Zone 1", "name": "Hancock @ First St."}, {"id": "9093", "route": [13], "lat": "42.446760", "lon": "-76.504165", "area": "Ithaca - Northside/ Fall Creek ", "farezone": "Zone 1", "name": "Hancock @ Second St."}, {"id": "9157", "route": [13], "lat": "42.446529", "lon": "-76.505029", "area": "Ithaca - Northside/ Fall Creek ", "farezone": "Zone 1", "name": "Hancock @ Third"}, {"id": "1480", "route": [13], "lat": "42.446667", "lon": "-76.504883", "img": "http://tcat.nextinsight.com/stoppics/126.jpg", "area": "Ithaca - Northside/ Fall Creek ", "farezone": "Zone 1", "name": "Hancock Plaza"}, {"id": "9260", "route": [31, 37, 41, 74], "lat": "42.466969", "lon": "-76.470648", "area": "Town of Ithaca - Northeast ", "farezone": "Zone 1", "name": "Hanshaw @ Blackstone"}, {"id": "9254", "route": [31, 41, 74], "lat": "42.467230", "lon": "-76.461636", "area": "Town of Ithaca - Northeast ", "farezone": "Zone 1", "name": "Hanshaw @ Murial"}, {"id": "9256", "route": [31, 41, 74], "lat": "42.467293", "lon": "-76.458696", "area": "Town of Ithaca - Northeast ", "farezone": "Zone 1", "name": "Hanshaw @ Salem Dr."}, {"id": "9189", "route": [31, 41, 74], "lat": "42.467388", "lon": "-76.450489", "area": "Town of Ithaca - Northeast ", "farezone": "Zone 1", "name": "Hanshaw @ Sapsucker Woods Rd."}, {"id": "8107", "route": [31, 37, 41, 74], "lat": "42.467115", "lon": "-76.465950", "area": "Town of Ithaca - Northeast ", "farezone": "Zone 1", "name": "Hanshaw @ Warren"}, {"id": "8115", "route": [41, 74], "lat": "42.483080", "lon": "-76.430898", "area": "Dryden (Town) ", "farezone": "Zone 1", "name": "Hanshaw Village"}, {"id": "9248", "route": [31, 41], "lat": "42.456764", "lon": "-76.474057", "area": "Cornell - North Campus ", "farezone": "Zone 1", "name": "Hasbrouck - Pleasant Grove Rd. @ Jessup"}, {"id": "3700", "route": [82, 92, 93], "lat": "42.456367", "lon": "-76.471617", "img": "http://tcat.nextinsight.com/stoppics/127.jpg", "area": "Cornell - North Campus ", "farezone": "Zone 1", "name": "Hasbrouck Apts."}, {"id": "9042", "route": [20], "lat": "42.451776", "lon": "-76.521435", "area": "Town of Ithaca - West Hill ", "farezone": "Zone 1", "name": "Hector (rte 79) @ Fall View Terrace"}, {"id": "9098", "route": [20], "lat": "42.452023", "lon": "-76.524791", "area": "Town of Ithaca - West Hill ", "farezone": "Zone 1", "name": "Hector (rte 79) @ Oakwood"}, {"id": "9095", "route": [20], "lat": "42.443680", "lon": "-76.516492", "area": "Town of Ithaca - West Hill ", "farezone": "Zone 1", "name": "Hector (rte 79) @ Sunrise"}, {"id": "8068", "route": [20], "lat": "42.448617", "lon": "-76.526300", "img": "http://tcat.nextinsight.com/stoppics/128.jpg", "area": "Town of Ithaca - West Hill ", "farezone": "Zone 1", "name": "Hector (rte 79) @ Warren Pl."}, {"id": "9096", "route": [20], "lat": "42.446162", "lon": "-76.517050", "area": "Town of Ithaca - West Hill ", "farezone": "Zone 1", "name": "Hector St. (413 Hector Street)"}, {"id": "8084", "route": [81, 92], "lat": "42.453171", "lon": "-76.476965", "img": "http://tcat.nextinsight.com/stoppics/129.jpg", "area": "Cornell - North Campus ", "farezone": "Zone 1", "name": "Helen Newman"}, {"id": "9375", "route": [], "lat": "42.449559", "lon": "-76.501072", "area": "Ithaca - Northside/ Fall Creek ", "farezone": "Zone 1", "name": "Hickeys Music - see Cayuga @ Lewis"}, {"id": "9401", "route": [], "lat": "42.458463", "lon": "-76.486565", "area": "Cayuga Heights", "farezone": "Zone 1", "name": "Highland @ Country Club Rd./Acacia"}, {"id": "9400", "route": [], "lat": "42.458449", "lon": "-76.486365", "area": "Cayuga Heights", "farezone": "Zone 1", "name": "Highland @ Country Club Rd./Lakeland"}, {"id": "1580", "route": [30], "lat": "42.453850", "lon": "-76.486500", "img": "http://tcat.nextinsight.com/stoppics/130.jpg", "area": "Cayuga Heights", "farezone": "Zone 1", "name": "Highland @ Thurston"}, {"id": "9030", "route": [30], "lat": "42.456422", "lon": "-76.486225", "area": "Cayuga Heights", "farezone": "Zone 1", "name": "Highland @ Wyckoff"}, {"id": "9318", "route": [40, 43, 75], "lat": "42.453493", "lon": "-76.442801", "area": "Dryden (Town) ", "farezone": "Zone 1", "name": "Hillside Acres @ Dryden Rd."}, {"id": "5340", "route": [65], "lat": "42.330467", "lon": "-76.443300", "img": "http://tcat.nextinsight.com/stoppics/131.jpg", "area": "Danby ", "farezone": "Zone 2", "name": "Hillside View Trailer Park"}, {"id": "9078", "route": [], "lat": "42.434951", "lon": "-76.494482", "area": "Ithaca - South Hill (no IC)", "farezone": "Zone 1", "name": "Hillview @ Aurora"}, {"id": "9079", "route": [], "lat": "42.434878", "lon": "-76.492261", "area": "Ithaca - South Hill (no IC)", "farezone": "Zone 1", "name": "Hillview @ Hudson"}, {"id": "5060", "route": [51, 93], "lat": "42.429420", "lon": "-76.472005", "img": "http://tcat.nextinsight.com/stoppics/52.jpg", "area": "Town of Ithaca - East Hill ", "farezone": "Zone 1", "name": "Honness Lane @ Rt. 79"}, {"id": "9314", "route": [51, 93], "lat": "42.429483", "lon": "-76.470718", "area": "Town of Ithaca - East Hill ", "farezone": "Zone 1", "name": "Honness Ln. @ Harwick Rd."}, {"id": "9313", "route": [51, 93], "lat": "42.429657", "lon": "-76.466990", "area": "Town of Ithaca - East Hill ", "farezone": "Zone 1", "name": "Honness Ln. @ Ithaca recreation Way"}, {"id": "9099", "route": [14], "lat": "42.439484", "lon": "-76.526052", "area": "Ithaca - West Hill/ West End ", "farezone": "Zone 1", "name": "Hook @ Haller"}, {"id": "9206", "route": [14], "lat": "42.456762", "lon": "-76.524432", "area": "Town of Ithaca - West Hill ", "farezone": "Zone 1", "name": "Hopkins @ Route 96 (Trumansburgburg Rd)"}, {"id": "9213", "route": [], "lat": "0.000000", "lon": "0.000000", "area": "Town of Ithaca - West Hill ", "farezone": "Zone 1", "name": "Hospital - See \"Cayuga Medical\""}, {"id": "9211", "route": [14], "lat": "42.467252", "lon": "-76.538481", "area": "Town of Ithaca - West Hill ", "farezone": "Zone 1", "name": "Hospital Rd @ Harris B. Dates Drive"}, {"id": "9063", "route": [], "lat": "42.438388", "lon": "-76.494662", "area": "Ithaca - South Hill (no IC)", "farezone": "Zone 1", "name": "Hudson @ Aurora"}, {"id": "9065", "route": [11], "lat": "42.429330", "lon": "-76.491457", "area": "Ithaca - South Hill (no IC)", "farezone": "Zone 1", "name": "Hudson @ Coddington (to IC)"}, {"id": "9066", "route": [11], "lat": "42.429044", "lon": "-76.491036", "area": "Ithaca - South Hill (no IC)", "farezone": "Zone 1", "name": "Hudson @ Coddington (to Ithaca)"}, {"id": "9062", "route": [11], "lat": "42.435776", "lon": "-76.492261", "area": "Ithaca - South Hill (no IC)", "farezone": "Zone 1", "name": "Hudson @ Columbia (to Commons)"}, {"id": "9061", "route": [11], "lat": "42.435996", "lon": "-76.492428", "area": "Ithaca - South Hill (no IC)", "farezone": "Zone 1", "name": "Hudson @ Columbia (to IC)"}, {"id": "1800", "route": [11], "lat": "42.431283", "lon": "-76.492417", "img": "http://tcat.nextinsight.com/stoppics/28.jpg", "area": "Ithaca - South Hill (no IC)", "farezone": "Zone 1", "name": "Hudson @ Grandview"}, {"id": "8077", "route": [11], "lat": "42.431494", "lon": "-76.492032", "img": "http://tcat.nextinsight.com/stoppics/27.jpg", "area": "Ithaca - South Hill (no IC)", "farezone": "Zone 1", "name": "Hudson @ Pearsall"}, {"id": "9411", "route": [11, 65], "lat": "42.421499", "lon": "-76.499613", "area": "Ithaca College ", "farezone": "Zone 1", "name": "IC - Circle @ Main Entrance"}, {"id": "9410", "route": [], "lat": "42.411543", "lon": "-76.500595", "area": "Ithaca College ", "farezone": "Zone 1", "name": "IC - College Circle Apartments"}, {"id": "9075", "route": [11], "lat": "42.426327", "lon": "-76.488851", "area": "Ithaca College ", "farezone": "Zone 1", "name": "IC - East Entrance"}, {"id": "9068", "route": [11], "lat": "42.425733", "lon": "-76.491764", "area": "Ithaca College ", "farezone": "Zone 1", "name": "IC - Emerson Hall"}, {"id": "9073", "route": [11], "lat": "42.425745", "lon": "-76.491615", "area": "Ithaca College ", "farezone": "Zone 1", "name": "IC - Garden Apartments"}, {"id": "9067", "route": [11], "lat": "42.426668", "lon": "-76.488844", "area": "Ithaca College ", "farezone": "Zone 1", "name": "IC - Hudson @ IC East Entrance"}, {"id": "305", "route": [11], "lat": "42.424379", "lon": "-76.495351", "area": "Ithaca College ", "farezone": "Zone 1", "name": "IC - Roy Park School"}, {"id": "9076", "route": [], "lat": "42.419584", "lon": "-76.496773", "area": "Ithaca College ", "farezone": "Zone 1", "name": "IC - Terrace 1"}, {"id": "9077", "route": [11], "lat": "42.419694", "lon": "-76.496676", "area": "Ithaca College ", "farezone": "Zone 1", "name": "IC - Terrace 2"}, {"id": "8076", "route": [11], "lat": "42.420368", "lon": "-76.494488", "img": "http://tcat.nextinsight.com/stoppics/71.jpg", "area": "Ithaca College ", "farezone": "Zone 1", "name": "IC - The Towers @ Ithaca College"}, {"id": "9228", "route": [21], "lat": "42.440961", "lon": "-76.512912", "area": "Ithaca - West Hill/ West End ", "farezone": "Zone 1", "name": "Island Health (Chemung Canal Bank)"}, {"id": "9229", "route": [21], "lat": "42.440808", "lon": "-76.512901", "area": "Ithaca - West Hill/ West End ", "farezone": "Zone 1", "name": "Island Health (LeHigh Valley House)"}, {"id": "1160", "route": [14], "lat": "42.439350", "lon": "-76.511050", "img": "http://tcat.nextinsight.com/stoppics/30.jpg", "area": "Ithaca - West Hill/ West End ", "farezone": "Zone 1", "name": "Ithaca Bus Station"}, {"id": "9137", "route": [15], "lat": "42.429737", "lon": "-76.506761", "area": "Ithaca - Southside/ Southwest ", "farezone": "Zone 1", "name": "Ithaca Plaza"}, {"id": "1780", "route": [36], "lat": "42.439542", "lon": "-76.478602", "area": "Ithaca - Collegetown ", "farezone": "Zone 1", "name": "Ithaca Rd. @ Elmwood Ave."}, {"id": "9237", "route": [21], "lat": "42.509628", "lon": "-76.616077", "area": "Ulysses ", "farezone": "Zone 2", "name": "Jacksonville Park-n-ride"}, {"id": "8070", "route": [21], "lat": "42.507867", "lon": "-76.614233", "img": "http://tcat.nextinsight.com/stoppics/87.jpg", "area": "Ulysses ", "farezone": "Zone 2", "name": "Jacksonville Post Office"}, {"id": "9232", "route": [21], "lat": "42.532939", "lon": "-76.640110", "area": "Ulysses ", "farezone": "Zone 2", "name": "Jacksonville Shursave"}, {"id": "8071", "route": [70, 72, 82, 92, 93], "lat": "42.456828", "lon": "-76.474513", "img": "http://tcat.nextinsight.com/stoppics/88.jpg", "area": "Cornell - North Campus ", "farezone": "Zone 1", "name": "Jessup @ Pleasant Grove"}, {"id": "9330", "route": [70, 72, 92], "lat": "42.456913", "lon": "-76.478212", "area": "", "farezone": "", "name": "Jessup Rd. @ Jessup Place"}, {"id": "9339", "route": [81, 82], "lat": "42.456982", "lon": "-76.478440", "area": "Cornell - North Campus ", "farezone": "Zone 1", "name": "Jessup Rd. @ Tennis Courts"}, {"id": "9312", "route": [51, 93], "lat": "42.425821", "lon": "-76.456491", "area": "Town of Ithaca - East Hill ", "farezone": "Zone 1", "name": "Joanne Dr. @ Regency Ln."}, {"id": "6420", "route": [21], "lat": "42.540661", "lon": "-76.661659", "img": "http://tcat.nextinsight.com/stoppics/31.jpg", "area": "Trumansburg ", "farezone": "Zone 2", "name": "Juniper Manor"}, {"id": "9138", "route": [15], "lat": "42.430461", "lon": "-76.509913", "area": "Ithaca - Southside/ Southwest ", "farezone": "Zone 1", "name": "K-Mart - behind Sherwin WIlliams"}, {"id": "4240", "route": [43, 75], "lat": "42.470188", "lon": "-76.283162", "img": "http://tcat.nextinsight.com/stoppics/32.jpg", "area": "Dryden (Village/ TC3) ", "farezone": "Zone 2", "name": "Keith @ Lake"}, {"id": "3200", "route": [20, 21, 31, 36, 37, 40, 41, 43, 51, 52, 53, 65, 67, 75, 81, 82, 83, 92], "lat": "42.447668", "lon": "-76.479291", "img": "http://tcat.nextinsight.com/stoppics/89.jpg", "area": "Cornell - Central Campus ", "farezone": "Zone 1", "name": "Kennedy Hall"}, {"id": "9327", "route": [67], "lat": "42.419794", "lon": "-76.520078", "img": "http://tcat.nextinsight.com/stoppics/250.jpg", "area": "Ithaca - Southside/ Southwest ", "farezone": "Zone 1", "name": "Kohls / Home Depot @ Elmira Rd."}, {"id": "1510", "route": [13, 36, 74, 75], "lat": "42.455117", "lon": "-76.495950", "img": "http://tcat.nextinsight.com/stoppics/35.jpg", "area": "Ithaca - Northside/ Fall Creek ", "farezone": "Zone 1", "name": "Lake @ Ithaca HS"}, {"id": "9038", "route": [36], "lat": "42.460782", "lon": "-76.497404", "area": "Ithaca - Northside/ Fall Creek ", "farezone": "Zone 1", "name": "Lake/East Shore Dr. @ Boynton MS"}, {"id": "9150", "route": [36], "lat": "42.458967", "lon": "-76.496467", "area": "Ithaca - Northside/ Fall Creek ", "farezone": "Zone 1", "name": "Lake/East Shore Dr. @ Renwick Dr."}, {"id": "9209", "route": [], "lat": "0.000000", "lon": "0.000000", "area": "Town of Ithaca - West Hill ", "farezone": "Zone 1", "name": "Lakeside Nursing Home - See Cayuge Rdige"}, {"id": "8042", "route": [32, 72], "lat": "42.485533", "lon": "-76.458100", "img": "http://tcat.nextinsight.com/stoppics/7.jpg", "area": "Lansing (Village/ Shops at Ithaca Mall) ", "farezone": "Zone 1", "name": "Langmuir Lab"}, {"id": "8053", "route": [36], "lat": "42.587233", "lon": "-76.590083", "img": "http://tcat.nextinsight.com/stoppics/134.jpg", "area": "Lansing (Town) ", "farezone": "Zone 2", "name": "Lansing Fire Co. #3"}, {"id": "4666", "route": [36], "lat": "42.542383", "lon": "-76.537033", "img": "http://tcat.nextinsight.com/stoppics/135.jpg", "area": "Lansing (Town) ", "farezone": "Zone 2", "name": "Lansing HS"}, {"id": "8046", "route": [36], "lat": "42.538250", "lon": "-76.499400", "img": "http://tcat.nextinsight.com/stoppics/136.jpg", "area": "Lansing (Town) ", "farezone": "Zone 2", "name": "Lansing Town Hall"}, {"id": "9110", "route": [14], "lat": "42.439860", "lon": "-76.518614", "area": "Ithaca - West Hill/ West End ", "farezone": "Zone 1", "name": "Lehman Alternative School"}, {"id": "9192", "route": [17], "lat": "42.451799", "lon": "-76.501000", "area": "Ithaca - Northside/ Fall Creek ", "farezone": "Zone 1", "name": "Lincoln @ Auburn"}, {"id": "9034", "route": [17], "lat": "42.452017", "lon": "-76.499650", "area": "Ithaca - Northside/ Fall Creek ", "farezone": "Zone 1", "name": "Lincoln @ Cayuga"}, {"id": "9152", "route": [17], "lat": "42.451164", "lon": "-76.502733", "area": "Ithaca - Northside/ Fall Creek ", "farezone": "Zone 1", "name": "Lincoln @ Dey"}, {"id": "8075", "route": [13, 36], "lat": "42.452064", "lon": "-76.497567", "area": "", "farezone": "", "name": "Lincoln @ Tioga"}, {"id": "8123", "route": [14], "lat": "42.449307", "lon": "-76.530451", "area": "Town of Ithaca - West Hill ", "farezone": "Zone 1", "name": "Linderman Creek Apts."}, {"id": "1870", "route": [], "lat": "42.415806", "lon": "-76.503867", "img": "http://tcat.nextinsight.com/stoppics/37.jpg", "area": "Ithaca - South Hill (no IC)", "farezone": "Zone 1", "name": "Longview"}, {"id": "9118", "route": [15], "lat": "42.430794", "lon": "-76.513480", "area": "Ithaca - Southside/ Southwest ", "farezone": "Zone 1", "name": "Lowes"}, {"id": "4665", "route": [36], "lat": "42.553583", "lon": "-76.537483", "img": "http://tcat.nextinsight.com/stoppics/137.jpg", "area": "Lansing (Town) ", "farezone": "Zone 2", "name": "Ludlowville"}, {"id": "9195", "route": [], "lat": "0.000000", "lon": "0.000000", "area": "Lansing (Village/ Shops at Ithaca Mall) ", "farezone": "Zone 1", "name": "Mall - See \"Shops at Ithaca Mall\""}, {"id": "9301", "route": [82, 92, 93], "lat": "42.441341", "lon": "-76.475020", "area": "Town of Ithaca - East Hill ", "farezone": "Zone 1", "name": "Maplewood Park @ Maple Ave. (inbound)"}, {"id": "3520", "route": [82, 92, 93], "lat": "42.441127", "lon": "-76.475315", "img": "http://tcat.nextinsight.com/stoppics/138.jpg", "area": "Town of Ithaca - East Hill ", "farezone": "Zone 1", "name": "Maplewood Park @ Maple Ave. (outbound)"}, {"id": "9120", "route": [15], "lat": "42.437711", "lon": "-76.500571", "area": "Ithaca - Downtown/ Commons", "farezone": "Zone 1", "name": "McGraw House"}, {"id": "8065", "route": [67], "lat": "42.428236", "lon": "-76.507732", "img": "http://tcat.nextinsight.com/stoppics/40.jpg", "area": "Ithaca - Southside/ Southwest ", "farezone": "Zone 1", "name": "Meadow @ Elmira"}, {"id": "9370", "route": [67], "lat": "42.432292", "lon": "-76.508188", "img": "http://tcat.nextinsight.com/stoppics/247.jpg", "area": "Ithaca - Southside/ Southwest ", "farezone": "Zone 1", "name": "Meadow @ Tops gas station"}, {"id": "9041", "route": [15, 67], "lat": "42.432514", "lon": "-76.507893", "area": "Ithaca - Southside/ Southwest ", "farezone": "Zone 1", "name": "Meadow @ Wood St."}, {"id": "9392", "route": [10, 70, 72], "lat": "42.451193", "lon": "-76.483823", "area": "Cornell - Central Campus ", "farezone": "Zone 1", "name": "Milstein Hall"}, {"id": "9212", "route": [14], "lat": "42.467178", "lon": "-76.536925", "area": "Town of Ithaca - West Hill ", "farezone": "Zone 1", "name": "Museum of the Earth"}, {"id": "8045", "route": [36], "lat": "42.542300", "lon": "-76.537350", "img": "http://tcat.nextinsight.com/stoppics/140.jpg", "area": "Lansing (Town) ", "farezone": "Zone 2", "name": "Myers Point Rd. @ Rt. 34"}, {"id": "4620", "route": [37], "lat": "42.612975", "lon": "-76.497034", "img": "http://tcat.nextinsight.com/stoppics/141.jpg", "area": "Lansing (Town) ", "farezone": "Zone 2", "name": "N. Lansing Fire Co. #4"}, {"id": "1310", "route": [15], "lat": "42.431855", "lon": "-76.512313", "img": "http://tcat.nextinsight.com/stoppics/42.jpg", "area": "Ithaca - Southside/ Southwest ", "farezone": "Zone 1", "name": "Nates Floral Estates @ Lowes"}, {"id": "5405", "route": [67], "lat": "42.359273", "lon": "-76.597281", "img": "http://tcat.nextinsight.com/stoppics/248.jpg", "area": "Newfield ", "farezone": "Zone 2", "name": "Newfield Central School / Garden Apts"}, {"id": "8067", "route": [67], "lat": "42.368600", "lon": "-76.552317", "area": "Newfield ", "farezone": "Zone 2", "name": "Newfield Depot @ W. Danby"}, {"id": "5420", "route": [67], "lat": "42.368746", "lon": "-76.556886", "img": "http://tcat.nextinsight.com/stoppics/165.jpg", "area": "Newfield ", "farezone": "Zone 2", "name": "Newfield Depot Rd. @ Valley Manor"}, {"id": "9371", "route": [67], "lat": "42.352257", "lon": "-76.608310", "area": "Newfield ", "farezone": "Zone 2", "name": "Newfield Main St @ Elmira Rd."}, {"id": "8112", "route": [67], "lat": "42.362615", "lon": "-76.589057", "area": "Newfield ", "farezone": "Zone 2", "name": "Newfield Town Hall"}, {"id": "9383", "route": [], "lat": "0.000000", "lon": "0.000000", "area": "", "farezone": "Zone 1", "name": "No service"}, {"id": "2180", "route": [32, 72], "lat": "42.486250", "lon": "-76.469567", "img": "http://tcat.nextinsight.com/stoppics/43.jpg", "area": "Lansing (Village/ Shops at Ithaca Mall) ", "farezone": "Zone 1", "name": "North Wood"}, {"id": "9245", "route": [30], "lat": "42.465322", "lon": "-76.486752", "area": "Cayuga Heights", "farezone": "Zone 1", "name": "Northway @ The Parkway"}, {"id": "9040", "route": [11], "lat": "42.432529", "lon": "-76.491790", "area": "Ithaca - South Hill (no IC)", "farezone": "Zone 1", "name": "Oak Hill Manor"}, {"id": "8111", "route": [41], "lat": "42.480507", "lon": "-76.449042", "area": "Town of Ithaca - Northeast ", "farezone": "Zone 1", "name": "Ornithology Lab"}, {"id": "9009", "route": [14], "lat": "42.465750", "lon": "-76.540300", "area": "Town of Ithaca - West Hill ", "farezone": "Zone 1", "name": "Overlook Apts."}, {"id": "9398", "route": [], "lat": "42.437596", "lon": "-76.464238", "area": "", "farezone": "Zone 1", "name": "P and C - see East Hill Plaza for times"}, {"id": "8041", "route": [30], "lat": "42.463751", "lon": "-76.486608", "img": "http://tcat.nextinsight.com/stoppics/143.jpg", "area": "Cayuga Heights", "farezone": "Zone 1", "name": "Parkway @ Upland"}, {"id": "8057", "route": [41, 74], "lat": "42.477183", "lon": "-76.406233", "img": "http://tcat.nextinsight.com/stoppics/44.jpg", "area": "Dryden (Town) ", "farezone": "Zone 1", "name": "Pinckney @ Lower Creek"}, {"id": "9316", "route": [51, 52, 93], "lat": "42.429836", "lon": "-76.462564", "area": "Town of Ithaca - East Hill ", "farezone": "Zone 1", "name": "Pine Tree @ Honness Ln."}, {"id": "9397", "route": [93], "lat": "42.423506", "lon": "-76.461483", "img": "http://tcat.nextinsight.com/stoppics/285.jpg", "area": "Town of Ithaca - East Hill ", "farezone": "Zone 1", "name": "Pine Tree @ Rte. 79"}, {"id": "9307", "route": [51, 52], "lat": "42.437627", "lon": "-76.465061", "area": "Town of Ithaca - East Hill ", "farezone": "Zone 1", "name": "Pine Tree Rd.@ East Hill Plaza"}, {"id": "9306", "route": [51, 52, 93], "lat": "42.437568", "lon": "-76.465259", "area": "Town of Ithaca - East Hill ", "farezone": "Zone 1", "name": "Pine Tree Rd.@ Rite Aid"}, {"id": "9130", "route": [15], "lat": "42.435418", "lon": "-76.503661", "area": "Ithaca - Southside/ Southwest ", "farezone": "Zone 1", "name": "Plain @ Center"}, {"id": "9128", "route": [15], "lat": "42.436608", "lon": "-76.503728", "area": "Ithaca - Southside/ Southwest ", "farezone": "Zone 1", "name": "Plain @ Clinton"}, {"id": "9216", "route": [15], "lat": "42.430742", "lon": "-76.503575", "area": "Ithaca - Southside/ Southwest ", "farezone": "Zone 1", "name": "Plain @ Elmira Rd."}, {"id": "9132", "route": [15], "lat": "42.434389", "lon": "-76.503755", "area": "Ithaca - Southside/ Southwest ", "farezone": "Zone 1", "name": "Plain @ North Titus (Southbound)"}, {"id": "9131", "route": [15], "lat": "42.433791", "lon": "-76.503569", "area": "Ithaca - Southside/ Southwest ", "farezone": "Zone 1", "name": "Plain @ South Titus (Northbound)"}, {"id": "9134", "route": [15], "lat": "42.432661", "lon": "-76.503514", "area": "Ithaca - Southside/ Southwest ", "farezone": "Zone 1", "name": "Plain @ Wood"}, {"id": "8078", "route": [31, 37, 41, 70, 72, 74], "lat": "42.468133", "lon": "-76.478100", "img": "http://tcat.nextinsight.com/stoppics/99.jpg", "area": "Cayuga Heights", "farezone": "Zone 1", "name": "Pleasant Grove @ Hanshaw"}, {"id": "9261", "route": [31, 37, 41], "lat": "42.456974", "lon": "-76.474309", "area": "Cornell - North Campus ", "farezone": "Zone 1", "name": "Pleasant Grove @ Jessup"}, {"id": "9353", "route": [37, 77], "lat": "42.490054", "lon": "-76.467617", "area": "Lansing (Town) ", "farezone": "Zone 1", "name": "Post Office @ Warren Rd."}, {"id": "9374", "route": [14], "lat": "42.468065", "lon": "-76.541158", "area": "Town of Ithaca - West Hill ", "farezone": "Zone 1", "name": "Professional Building"}, {"id": "2200", "route": [37, 77], "lat": "42.492333", "lon": "-76.467983", "img": "http://tcat.nextinsight.com/stoppics/50.jpg", "area": "Lansing (Town) ", "farezone": "Zone 1", "name": "Public Safety Building"}, {"id": "9345", "route": [], "lat": "42.454235", "lon": "-76.488748", "area": "Cornell - North Campus ", "farezone": "Zone 1", "name": "Ridgewood @ Thurston"}, {"id": "9346", "route": [], "lat": "42.456632", "lon": "-76.487299", "area": "Cornell - North Campus ", "farezone": "Zone 1", "name": "Ridgewood @ Wyckoff"}, {"id": "3610", "route": [30, 32, 70, 72, 75, 81, 90, 92], "lat": "42.452872", "lon": "-76.481235", "img": "http://tcat.nextinsight.com/stoppics/188.jpg", "area": "Cornell - North Campus ", "farezone": "Zone 1", "name": "Risley Hall"}, {"id": "9405", "route": [], "lat": "42.398499", "lon": "-76.552214", "area": "Ithaca - Southside/ Southwest ", "farezone": "Zone 1", "name": "Robert H. Treman S.P. - Lower entrance"}, {"id": "3650", "route": [82, 90], "lat": "42.456133", "lon": "-76.478300", "img": "http://tcat.nextinsight.com/stoppics/146.jpg", "area": "Cornell - North Campus ", "farezone": "Zone 1", "name": "Robert Purcell Community Center"}, {"id": "9329", "route": [70, 72, 82, 93], "lat": "42.456638", "lon": "-76.477067", "area": "Cornell - North Campus ", "farezone": "Zone 1", "name": "Robert Purcell Community Center @ Jessup"}, {"id": "3030", "route": [30, 32, 75, 81, 82, 90], "lat": "42.449383", "lon": "-76.482667", "img": "http://tcat.nextinsight.com/stoppics/275.jpg", "area": "Cornell - Central Campus ", "farezone": "Zone 1", "name": "Rockefeller Hall"}, {"id": "9259", "route": [31, 74], "lat": "42.473988", "lon": "-76.461807", "area": "Town of Ithaca - Northeast ", "farezone": "Zone 1", "name": "Rose Hill Rd. @ Murial St."}, {"id": "9015", "route": [75], "lat": "42.489835", "lon": "-76.328362", "area": "Dryden (Town) ", "farezone": "Zone 2", "name": "Rt. 13 @ George"}, {"id": "4190", "route": [43, 75], "lat": "42.489669", "lon": "-76.327995", "img": "http://tcat.nextinsight.com/stoppics/29.jpg", "area": "Dryden (Town) ", "farezone": "Zone 2", "name": "Rt. 13 @ Irish Settlement"}, {"id": "9014", "route": [43, 75], "lat": "42.487150", "lon": "-76.343217", "area": "Dryden (Town) ", "farezone": "Zone 2", "name": "Rt. 13 @ Johnson"}, {"id": "4110", "route": [75], "lat": "42.480896", "lon": "-76.373348", "img": "http://tcat.nextinsight.com/stoppics/33.jpg", "area": "Dryden (Town) ", "farezone": "Zone 1", "name": "Rt. 13 @ Kirk"}, {"id": "9364", "route": [43, 75], "lat": "42.480516", "lon": "-76.373874", "area": "Dryden (Town) ", "farezone": "Zone 1", "name": "Rt. 13 @ Mineah Rd."}, {"id": "8059", "route": [43, 75], "lat": "42.487150", "lon": "-76.343217", "img": "http://tcat.nextinsight.com/stoppics/4.jpg", "area": "Dryden (Town) ", "farezone": "Zone 2", "name": "Rt. 13 @ Yellowbarn"}, {"id": "9288", "route": [36], "lat": "42.538062", "lon": "-76.499476", "area": "Lansing (Town) ", "farezone": "Zone 2", "name": "Rt. 34B (Auburn Rd.) @ Woodsedge Dr."}, {"id": "9290", "route": [36], "lat": "42.538758", "lon": "-76.510849", "area": "Lansing (Town) ", "farezone": "Zone 1", "name": "Rt. 34B (Ridge Rd.) @ Beach"}, {"id": "9296", "route": [36], "lat": "42.560256", "lon": "-76.556039", "area": "Lansing (Town) ", "farezone": "Zone 1", "name": "Rt. 34B (Ridge Rd.) @ Beckwith Ln."}, {"id": "9291", "route": [36], "lat": "42.543516", "lon": "-76.524839", "area": "Lansing (Town) ", "farezone": "Zone 1", "name": "Rt. 34B (Ridge Rd.) @ Brickyard"}, {"id": "9289", "route": [36], "lat": "42.538094", "lon": "-76.507587", "area": "Lansing (Town) ", "farezone": "Zone 2", "name": "Rt. 34B (Ridge Rd.) @ Conlon Rd."}, {"id": "9300", "route": [36], "lat": "42.538963", "lon": "-76.512201", "area": "Lansing (Town) ", "farezone": "Zone 2", "name": "Rt. 34B (Ridge Rd.) @ Drake Rd."}, {"id": "9292", "route": [36], "lat": "42.578998", "lon": "-76.582582", "area": "Lansing (Town) ", "farezone": "Zone 2", "name": "Rt. 34B (Ridge Rd.) @ Emmons Rd."}, {"id": "9298", "route": [36], "lat": "42.556684", "lon": "-76.548400", "area": "Lansing (Town) ", "farezone": "Zone 2", "name": "Rt. 34B (Ridge Rd.) @ Lakeview Dr."}, {"id": "9293", "route": [36], "lat": "42.579243", "lon": "-76.583172", "area": "Lansing (Town) ", "farezone": "Zone 2", "name": "Rt. 34B (Ridge Rd.) @ Lansing Station Rd"}, {"id": "9299", "route": [36], "lat": "42.541034", "lon": "-76.519003", "area": "Lansing (Town) ", "farezone": "Zone 2", "name": "Rt. 34B (Ridge Rd.) @ Portland Pt. Rd."}, {"id": "9295", "route": [36], "lat": "42.568877", "lon": "-76.574299", "area": "Lansing (Town) ", "farezone": "Zone 2", "name": "Rt. 34B (Ridge Rd.) @ Ross Rd."}, {"id": "9297", "route": [36], "lat": "42.558269", "lon": "-76.550830", "area": "Lansing (Town) ", "farezone": "Zone 2", "name": "Rt. 34B (Ridge Rd.) @ Speary Ln."}, {"id": "9294", "route": [36], "lat": "42.576486", "lon": "-76.580790", "area": "Lansing (Town) ", "farezone": "Zone 2", "name": "Rt. 34B (Ridge Rd.) @ Swayze Rd."}, {"id": "9360", "route": [40, 74], "lat": "42.490838", "lon": "-76.374373", "area": "Dryden (Town) ", "farezone": "Zone 1", "name": "Rt. 366 @ Kirk Rd."}, {"id": "9224", "route": [20], "lat": "42.451486", "lon": "-76.611314", "area": "Enfield ", "farezone": "Zone 2", "name": "Rt. 79 @ Applegate"}, {"id": "8073", "route": [52, 53], "lat": "42.402600", "lon": "-76.423967", "img": "http://tcat.nextinsight.com/stoppics/151.jpg", "area": "Caroline/ Brooktondale", "farezone": "Zone 2", "name": "Rt. 79 @ Brooktondale Rd."}, {"id": "9226", "route": [20], "lat": "42.447243", "lon": "-76.571145", "area": "Enfield ", "farezone": "Zone 1", "name": "Rt. 79 @ Sheffield"}, {"id": "9225", "route": [20], "lat": "42.452056", "lon": "-76.591229", "area": "Enfield ", "farezone": "Zone 2", "name": "Rt. 79 @ VanDorn"}, {"id": "9214", "route": [14, 21], "lat": "42.460566", "lon": "-76.529871", "area": "Town of Ithaca - West Hill ", "farezone": "Zone 1", "name": "Rt. 96 @ Bundy Road"}, {"id": "9239", "route": [21], "lat": "42.541635", "lon": "-76.660709", "area": "Trumansburg ", "farezone": "Zone 2", "name": "Rt. 96 @ Elm St."}, {"id": "9230", "route": [21], "lat": "42.486166", "lon": "-76.573398", "area": "Ulysses ", "farezone": "Zone 2", "name": "Rt. 96 @ Krums Corner"}, {"id": "9231", "route": [21], "lat": "42.495786", "lon": "-76.596014", "area": "Ulysses ", "farezone": "Zone 2", "name": "Rt. 96 @ Perry City Rd."}, {"id": "9234", "route": [21], "lat": "42.540884", "lon": "-76.658360", "area": "Trumansburg ", "farezone": "Zone 2", "name": "Rt. 96 @ South Street"}, {"id": "3300", "route": [10, 17, 20, 21, 30, 31, 32, 36, 37, 40, 41, 43, 51, 52, 53, 65, 67, 83, 90, 92], "lat": "42.445483", "lon": "-76.482633", "img": "http://tcat.nextinsight.com/stoppics/187.jpg", "area": "Cornell - Central Campus ", "farezone": "Zone 1", "name": "Sage Hall"}, {"id": "9257", "route": [31, 74], "lat": "42.471313", "lon": "-76.456840", "area": "Town of Ithaca - Northeast ", "farezone": "Zone 1", "name": "Salem Dr. @ Birchwood"}, {"id": "9141", "route": [], "lat": "42.419877", "lon": "-76.519164", "area": "Ithaca - Southside/ Southwest ", "farezone": "Zone 1", "name": "Salvation Army @ Spencer/Elmira Rd."}, {"id": "9186", "route": [20], "lat": "42.451174", "lon": "-76.626270", "area": "Enfield ", "farezone": "Zone 2", "name": "Sandy Creek Mobile Home Park"}, {"id": "3000", "route": [10, 30, 32, 41, 51, 70, 72, 90, 92, 93], "lat": "42.442333", "lon": "-76.485483", "img": "http://tcat.nextinsight.com/stoppics/90.jpg", "area": "Ithaca - Collegetown ", "farezone": "Zone 1", "name": "Schwartz Performing Arts"}, {"id": "9055", "route": [20, 21], "lat": "42.440498", "lon": "-76.501536", "area": "Ithaca - Downtown/ Commons", "farezone": "Zone 1", "name": "Seneca @ Albany"}, {"id": "1040", "route": [10, 11, 13, 14, 15, 17, 20, 21, 30, 31, 32, 36, 37, 40, 43, 51, 52, 53, 65, 67, 70, 72, 74, 75, 90], "lat": "42.440543", "lon": "-76.496550", "area": "Ithaca - Downtown/ Commons", "farezone": "Zone 1", "name": "Seneca @ Commons"}, {"id": "9053", "route": [20, 21], "lat": "42.440084", "lon": "-76.510954", "area": "Ithaca - West Hill/ West End ", "farezone": "Zone 1", "name": "Seneca @ Fulton (Greenstar)"}, {"id": "9386", "route": [32, 72], "lat": "42.478186", "lon": "-76.481420", "area": "Lansing (Village/ Shops at Ithaca Mall) ", "farezone": "Zone 1", "name": "Sheraton Dr. @ Triphammer"}, {"id": "9028", "route": [13, 30, 70, 74, 75, 77], "lat": "42.482900", "lon": "-76.489917", "area": "Lansing (Village/ Shops at Ithaca Mall) ", "farezone": "Zone 1", "name": "Shops at Ithaca Mall @ Sears"}, {"id": "9343", "route": [], "lat": "42.456136", "lon": "-76.488797", "area": "Cornell - North Campus ", "farezone": "Zone 1", "name": "Sigma Delta Tau"}, {"id": "9308", "route": [51, 93], "lat": "42.426205", "lon": "-76.455263", "area": "Town of Ithaca - East Hill ", "farezone": "Zone 1", "name": "Snyder Hill Rd @ Regency"}, {"id": "9309", "route": [51, 93], "lat": "42.424177", "lon": "-76.452398", "area": "Town of Ithaca - East Hill ", "farezone": "Zone 1", "name": "Snyder Hill Rd @ Sharlene Rd."}, {"id": "9035", "route": [65], "lat": "42.423274", "lon": "-76.502159", "area": "Ithaca - South Hill (no IC)", "farezone": "Zone 1", "name": "South Hill Business Park"}, {"id": "9064", "route": [11], "lat": "42.433973", "lon": "-76.491805", "area": "Ithaca - South Hill (no IC)", "farezone": "Zone 1", "name": "South Hill School"}, {"id": "8121", "route": [67], "lat": "42.426312", "lon": "-76.507786", "area": "Ithaca - Southside/ Southwest ", "farezone": "Zone 1", "name": "Spencer Rd. @ Meadow St."}, {"id": "9105", "route": [14], "lat": "42.439375", "lon": "-76.501864", "area": "Ithaca - Downtown/ Commons", "farezone": "Zone 1", "name": "State @ Albany"}, {"id": "8038", "route": [14], "lat": "42.439200", "lon": "-76.506333", "img": "http://tcat.nextinsight.com/stoppics/155.jpg", "area": "Ithaca - West Hill/ West End ", "farezone": "Zone 1", "name": "State @ Corn"}, {"id": "8036", "route": [14], "lat": "42.439142", "lon": "-76.509956", "img": "http://tcat.nextinsight.com/stoppics/154.jpg", "area": "Ithaca - West Hill/ West End ", "farezone": "Zone 1", "name": "State @ Fulton (Maxie's)"}, {"id": "9109", "route": [14], "lat": "42.439317", "lon": "-76.508102", "area": "Ithaca - West Hill/ West End ", "farezone": "Zone 1", "name": "State @ Meadow"}, {"id": "9106", "route": [14], "lat": "42.439296", "lon": "-76.504066", "area": "Ithaca - Downtown/ Commons", "farezone": "Zone 1", "name": "State @ Plain"}, {"id": "9037", "route": [30, 32, 36, 51, 53, 70, 72, 90], "lat": "42.438668", "lon": "-76.488492", "area": "Ithaca - Collegetown ", "farezone": "Zone 1", "name": "State @ Quarry"}, {"id": "9351", "route": [20, 21, 30, 31, 32, 36, 37, 40, 43, 51, 52, 53, 65, 67, 70, 72, 90], "lat": "42.439360", "lon": "-76.490466", "img": "http://tcat.nextinsight.com/stoppics/244.jpg", "area": "Ithaca - Collegetown ", "farezone": "Zone 1", "name": "State @ Stewart (inbound to Commons)"}, {"id": "9036", "route": [30, 32, 36, 51, 53, 70, 72, 90], "lat": "42.439209", "lon": "-76.490478", "img": "http://tcat.nextinsight.com/stoppics/245.jpg", "area": "Ithaca - Collegetown ", "farezone": "Zone 1", "name": "State @ Stewart (outbound)"}, {"id": "9394", "route": [14, 20], "lat": "42.439517", "lon": "-76.512485", "area": "Ithaca - West Hill/ West End ", "farezone": "Zone 1", "name": "State St. @ Taughannock Blvd."}, {"id": "3330", "route": [20, 21, 30, 31, 32, 36, 37, 40, 41, 43, 51, 52, 53, 65, 67, 83, 90, 92], "lat": "42.445983", "lon": "-76.482567", "img": "http://tcat.nextinsight.com/stoppics/156.jpg", "area": "Cornell - Central Campus ", "farezone": "Zone 1", "name": "Statler Hall"}, {"id": "9399", "route": [31], "lat": "42.440598", "lon": "-76.489694", "area": "Ithaca - Collegetown ", "farezone": "Zone 1", "name": "Stewart @ Seneca (Outbound)"}, {"id": "9247", "route": [20, 21, 31, 37, 40, 43, 52, 53, 65, 67], "lat": "42.440775", "lon": "-76.489831", "area": "Ithaca - Collegetown ", "farezone": "Zone 1", "name": "Stewart @ Seneca St. (Inbound)"}, {"id": "3910", "route": [83], "lat": "42.448963", "lon": "-76.490156", "img": "http://tcat.nextinsight.com/stoppics/158.jpg", "area": "Cornell - West Campus ", "farezone": "Zone 1", "name": "Stewart @ University"}, {"id": "3800", "route": [20, 21, 31, 37, 40, 43, 52, 53, 65, 67], "lat": "42.442511", "lon": "-76.489861", "img": "http://tcat.nextinsight.com/stoppics/174.jpg", "area": "Ithaca - Collegetown ", "farezone": "Zone 1", "name": "Stewart @ Williams"}, {"id": "1520", "route": [13], "lat": "42.462652", "lon": "-76.500450", "img": "http://tcat.nextinsight.com/stoppics/53.jpg", "area": "Ithaca - Northside/ Fall Creek ", "farezone": "Zone 1", "name": "Stewart Park"}, {"id": "9372", "route": [67], "lat": "42.387233", "lon": "-76.553898", "area": "Newfield ", "farezone": "Zone 2", "name": "Sunnys @ Rt. 34/96"}, {"id": "9111", "route": [14], "lat": "42.443633", "lon": "-76.516777", "area": "Ithaca - West Hill/ West End ", "farezone": "Zone 1", "name": "Sunrise @ Hector"}, {"id": "9199", "route": [], "lat": "42.482510", "lon": "-76.489938", "area": "Lansing (Village/ Shops at Ithaca Mall) ", "farezone": "Zone 1", "name": "Target-stop moved to Sears entrance"}, {"id": "8027", "route": [], "lat": "42.544675", "lon": "-76.597481", "img": "http://tcat.nextinsight.com/stoppics/157.jpg", "area": "Trumansburg ", "farezone": "Zone 2", "name": "Taughannock Falls"}, {"id": "9328", "route": [], "lat": "42.419576", "lon": "-76.518660", "area": "Ithaca - Southside/ Southwest ", "farezone": "Zone 1", "name": "TC Community Action"}, {"id": "9382", "route": [], "lat": "42.438423", "lon": "-76.498715", "area": "Ithaca - Downtown/ Commons", "farezone": "Zone 1", "name": "TC Public Library - see Green@Commons"}, {"id": "4440", "route": [43], "lat": "42.502800", "lon": "-76.288417", "img": "http://tcat.nextinsight.com/stoppics/54.jpg", "area": "Dryden (Village/ TC3) ", "farezone": "Zone 2", "name": "TC3"}, {"id": "9188", "route": [75], "lat": "42.499575", "lon": "-76.284428", "area": "Dryden (Village/ TC3) ", "farezone": "Zone 2", "name": "TC3 Dorms"}, {"id": "8139", "route": [13, 17], "lat": "42.452567", "lon": "-76.505517", "area": "Ithaca - Northside/ Fall Creek ", "farezone": "Zone 1", "name": "TCAT Offices"}, {"id": "3070", "route": [], "lat": "42.445817", "lon": "-76.479683", "img": "http://tcat.nextinsight.com/stoppics/186.jpg", "area": "Cornell - Central Campus ", "farezone": "Zone 1", "name": "Teagle Hall"}, {"id": "9112", "route": [13], "lat": "42.447304", "lon": "-76.505729", "area": "Ithaca - Northside/ Fall Creek ", "farezone": "Zone 1", "name": "Third @ Adams"}, {"id": "9159", "route": [13], "lat": "42.444535", "lon": "-76.503706", "area": "Ithaca - Northside/ Fall Creek ", "farezone": "Zone 1", "name": "Third @ Cascadilla"}, {"id": "8031", "route": [13], "lat": "42.446372", "lon": "-76.504980", "img": "http://tcat.nextinsight.com/stoppics/160.jpg", "area": "Ithaca - Northside/ Fall Creek ", "farezone": "Zone 1", "name": "Third @ Hancock"}, {"id": "9158", "route": [13], "lat": "42.445537", "lon": "-76.504527", "area": "Ithaca - Northside/ Fall Creek ", "farezone": "Zone 1", "name": "Third @ Madison"}, {"id": "9267", "route": [32, 72], "lat": "42.484287", "lon": "-76.464618", "area": "Town of Ithaca - Northeast ", "farezone": "Zone 1", "name": "Thornwood Dr. @ Courtyard Ithaca"}, {"id": "9196", "route": [30, 92], "lat": "42.453566", "lon": "-76.483751", "area": "Cornell - North Campus ", "farezone": "Zone 1", "name": "Thurston @ Fall Creek Dr."}, {"id": "9344", "route": [92, 93], "lat": "42.453735", "lon": "-76.486473", "area": "Cornell - North Campus ", "farezone": "Zone 1", "name": "Thurston @ Highland"}, {"id": "1570", "route": [92, 93], "lat": "42.454267", "lon": "-76.488867", "img": "http://tcat.nextinsight.com/stoppics/161.jpg", "area": "Cayuga Heights", "farezone": "Zone 1", "name": "Thurston @ Ridgewood"}, {"id": "9347", "route": [92, 93], "lat": "42.454667", "lon": "-76.490547", "area": "Cornell - North Campus ", "farezone": "Zone 1", "name": "Thurston @ Stewart"}, {"id": "9376", "route": [92, 93], "lat": "42.453511", "lon": "-76.485108", "area": "Cornell - North Campus ", "farezone": "Zone 1", "name": "Thurston @ Waite"}, {"id": "9240", "route": [30, 93], "lat": "42.453647", "lon": "-76.483684", "area": "Cornell - North Campus ", "farezone": "Zone 1", "name": "Thurston @ Wyckoff"}, {"id": "9027", "route": [10], "lat": "42.442500", "lon": "-76.496900", "area": "Ithaca - Downtown/ Commons", "farezone": "Zone 1", "name": "Tioga @ Court St."}, {"id": "9406", "route": [13], "lat": "42.452701", "lon": "-76.497489", "area": "Ithaca - Northside/ Fall Creek ", "farezone": "Zone 1", "name": "Tioga @ Falls"}, {"id": "1290", "route": [15], "lat": "42.431567", "lon": "-76.504417", "img": "http://tcat.nextinsight.com/stoppics/59.jpg", "area": "Ithaca - Southside/ Southwest ", "farezone": "Zone 1", "name": "Titus Towers I"}, {"id": "9017", "route": [70, 72, 81, 90, 92], "lat": "42.456450", "lon": "-76.481023", "area": "Cornell - North Campus ", "farezone": "Zone 1", "name": "Tobin Field House"}, {"id": "9408", "route": [93], "lat": "42.456319", "lon": "-76.480916", "area": "Cornell - North Campus ", "farezone": "Zone 1", "name": "Tobin Field House-Across the street"}, {"id": "8085", "route": [13], "lat": "42.448433", "lon": "-76.499433", "area": "Ithaca - Northside/ Fall Creek ", "farezone": "Zone 1", "name": "Tompkins @ Cayuga"}, {"id": "8082", "route": [13], "lat": "42.448394", "lon": "-76.500536", "img": "http://tcat.nextinsight.com/stoppics/162.jpg", "area": "Ithaca - Northside/ Fall Creek ", "farezone": "Zone 1", "name": "Tompkins @ Dey"}, {"id": "8140", "route": [15], "lat": "42.431967", "lon": "-76.509683", "area": "Ithaca - Southside/ Southwest ", "farezone": "Zone 1", "name": "Tops Supermarket (Ithaca)"}, {"id": "8110", "route": [13, 30, 70, 74, 75, 77], "lat": "42.482348", "lon": "-76.486495", "area": "Lansing (Village/ Shops at Ithaca Mall) ", "farezone": "Zone 1", "name": "Tops Supermarket (Lansing)"}, {"id": "9356", "route": [37], "lat": "42.538410", "lon": "-76.492567", "area": "Lansing (Town) ", "farezone": "Zone 2", "name": "Triphammer @ 34B"}, {"id": "8137", "route": [30, 70, 74, 75], "lat": "42.483666", "lon": "-76.485491", "area": "Lansing (Village/ Shops at Ithaca Mall) ", "farezone": "Zone 1", "name": "Triphammer @ Cayuga Mall"}, {"id": "9271", "route": [32, 75], "lat": "42.456380", "lon": "-76.481409", "area": "Town of Ithaca - Northeast ", "farezone": "Zone 1", "name": "Triphammer @ Dearborn"}, {"id": "8079", "route": [30, 32, 75], "lat": "42.469790", "lon": "-76.480556", "img": "http://tcat.nextinsight.com/stoppics/100.jpg", "area": "Cayuga Heights", "farezone": "Zone 1", "name": "Triphammer @ Hanshaw"}, {"id": "9025", "route": [32, 70, 72, 75, 82], "lat": "42.456149", "lon": "-76.481098", "area": "Cornell - North Campus ", "farezone": "Zone 1", "name": "Triphammer @ Jessup"}, {"id": "9242", "route": [30, 70, 74, 75], "lat": "42.479114", "lon": "-76.482721", "area": "Lansing (Village/ Shops at Ithaca Mall) ", "farezone": "Zone 1", "name": "Triphammer @ Lansing West Apts."}, {"id": "9198", "route": [13, 30, 70, 74, 75, 77], "lat": "42.483681", "lon": "-76.485502", "area": "Lansing (Village/ Shops at Ithaca Mall) ", "farezone": "Zone 1", "name": "Triphammer @ Mobile / First Niagara"}, {"id": "9243", "route": [30, 75], "lat": "42.466668", "lon": "-76.484209", "area": "Cayuga Heights", "farezone": "Zone 1", "name": "Triphammer @ Northway"}, {"id": "9044", "route": [30, 32, 70, 72, 74, 75], "lat": "42.476677", "lon": "-76.481980", "area": "Cayuga Heights", "farezone": "Zone 1", "name": "Triphammer @ Savage Farm"}, {"id": "8133", "route": [30, 70, 74, 75], "lat": "42.478167", "lon": "-76.481967", "area": "Lansing (Village/ Shops at Ithaca Mall) ", "farezone": "Zone 1", "name": "Triphammer @ Sheraton"}, {"id": "9241", "route": [30, 70, 74, 75], "lat": "42.478817", "lon": "-76.482246", "area": "Lansing (Village/ Shops at Ithaca Mall) ", "farezone": "Zone 1", "name": "Triphammer @ Tompkins Trust Co."}, {"id": "1640", "route": [32, 75], "lat": "42.464555", "lon": "-76.484123", "img": "http://tcat.nextinsight.com/stoppics/164.jpg", "area": "Cayuga Heights", "farezone": "Zone 1", "name": "Triphammer @ Upland"}, {"id": "9333", "route": [92], "lat": "42.454673", "lon": "-76.481524", "area": "Cornell - North Campus ", "farezone": "Zone 1", "name": "Triphammer @ Wait"}, {"id": "9236", "route": [21], "lat": "42.542086", "lon": "-76.663681", "area": "Trumansburg ", "farezone": "Zone 2", "name": "Trumansburg - W. Main @ Washington"}, {"id": "9235", "route": [21], "lat": "42.542101", "lon": "-76.662641", "area": "Trumansburg ", "farezone": "Zone 2", "name": "Trumansburg @ Tompkins Trust Co."}, {"id": "6400", "route": [21], "lat": "42.539283", "lon": "-76.653167", "img": "http://tcat.nextinsight.com/stoppics/61.jpg", "area": "Trumansburg ", "farezone": "Zone 2", "name": "Trumansburg Central School"}, {"id": "9233", "route": [21], "lat": "42.535975", "lon": "-76.646676", "area": "Trumansburg ", "farezone": "Zone 2", "name": "Trumansburg Fairgrounds"}, {"id": "9238", "route": [21], "lat": "42.542022", "lon": "-76.666718", "area": "Trumansburg ", "farezone": "Zone 2", "name": "Trumansburg Park-n-ride"}, {"id": "301", "route": [53], "lat": "42.430783", "lon": "-76.428317", "area": "Dryden (Town) ", "farezone": "Zone 1", "name": "Turkey Hill @ Ellis Hollow"}, {"id": "9321", "route": [53], "lat": "42.453355", "lon": "-76.429396", "area": "Dryden (Town) ", "farezone": "Zone 1", "name": "Turkey Hill Rd. @ Mt. Pleasant Rd."}, {"id": "9322", "route": [53], "lat": "42.445058", "lon": "-76.429353", "area": "Dryden (Town) ", "farezone": "Zone 1", "name": "Turkey Hill Rd. @ Stevenson"}, {"id": "9033", "route": [10], "lat": "42.447253", "lon": "-76.493056", "area": "Cornell - West Campus ", "farezone": "Zone 1", "name": "University @ Cornell Ave."}, {"id": "9059", "route": [10], "lat": "42.449406", "lon": "-76.492236", "area": "Cornell - West Campus ", "farezone": "Zone 1", "name": "University @ Lake"}, {"id": "8127", "route": [36], "lat": "42.449295", "lon": "-76.490566", "area": "Cornell - West Campus ", "farezone": "Zone 1", "name": "University @ Stewart"}, {"id": "9263", "route": [32, 72], "lat": "42.481135", "lon": "-76.478353", "area": "Lansing (Village/ Shops at Ithaca Mall) ", "farezone": "Zone 1", "name": "Uptown Rd. @ Cinema Dr."}, {"id": "9266", "route": [32, 72], "lat": "42.478566", "lon": "-76.467825", "area": "Town of Ithaca - Northeast ", "farezone": "Zone 1", "name": "Uptown Rd. @ Warren Rd."}, {"id": "9265", "route": [32, 72], "lat": "42.478491", "lon": "-76.468803", "area": "Town of Ithaca - Northeast ", "farezone": "Zone 1", "name": "Uptown Rd. @ Warrenwood Apts."}, {"id": "2540", "route": [32, 72], "lat": "42.478491", "lon": "-76.472665", "img": "http://tcat.nextinsight.com/stoppics/95.jpg", "area": "Lansing (Village/ Shops at Ithaca Mall) ", "farezone": "Zone 1", "name": "Uptown Village Apts."}, {"id": "3090", "route": [20, 21, 31, 36, 37, 40, 41, 43, 51, 52, 53, 65, 67, 75, 81, 82, 83, 92], "lat": "42.447503", "lon": "-76.482349", "img": "http://tcat.nextinsight.com/stoppics/184.jpg", "area": "Cornell - Central Campus ", "farezone": "Zone 1", "name": "Uris Hall"}, {"id": "8106", "route": [20, 21, 31, 36, 37, 40, 41, 51, 52, 53, 65, 67, 81, 82, 83, 92], "lat": "42.447613", "lon": "-76.482058", "area": "Cornell - Central Campus ", "farezone": "Zone 1", "name": "Uris Hall Across Street"}, {"id": "9367", "route": [52, 53], "lat": "42.385771", "lon": "-76.360323", "area": "Caroline/ Brooktondale", "farezone": "Zone 2", "name": "Valley Rd. @ Boiceville Rd."}, {"id": "4000", "route": [40, 43, 53, 75], "lat": "42.454283", "lon": "-76.440733", "img": "http://tcat.nextinsight.com/stoppics/96.jpg", "area": "Dryden (Town) ", "farezone": "Zone 1", "name": "Varna (Shelter)"}, {"id": "9319", "route": [40, 43, 53, 75], "lat": "42.454182", "lon": "-76.440543", "area": "Dryden (Town) ", "farezone": "Zone 1", "name": "Varna Auto (across from bus shelter)"}, {"id": "8101", "route": [43, 75, 82], "lat": "42.446463", "lon": "-76.464828", "area": "Cornell - Vet School Area ", "farezone": "Zone 1", "name": "Vet Medical Center"}, {"id": "8044", "route": [20, 21, 36, 37, 40, 43, 51, 52, 53, 65, 67, 75, 81, 82, 92], "lat": "42.447361", "lon": "-76.466653", "img": "http://tcat.nextinsight.com/stoppics/185.jpg", "area": "Cornell - Vet School Area ", "farezone": "Zone 1", "name": "Vet School"}, {"id": "9415", "route": [], "lat": "0.000000", "lon": "0.000000", "area": "", "farezone": "Zone 1", "name": "via  S. Aurora St. and Hillview Pl."}, {"id": "9414", "route": [], "lat": "0.000000", "lon": "0.000000", "area": "", "farezone": "Zone 1", "name": "via Hudson Street"}, {"id": "2160", "route": [77], "lat": "42.485335", "lon": "-76.481216", "img": "http://tcat.nextinsight.com/stoppics/62.jpg", "area": "Lansing (Village/ Shops at Ithaca Mall) ", "farezone": "Zone 1", "name": "Village Meadows Townhouses"}, {"id": "9348", "route": [93], "lat": "42.454522", "lon": "-76.481726", "area": "Cornell - North Campus ", "farezone": "Zone 1", "name": "Wait @ Triphammer"}, {"id": "9272", "route": [92], "lat": "42.453630", "lon": "-76.485030", "area": "Town of Ithaca - Northeast ", "farezone": "Zone 1", "name": "Wait Ave. @ Thurston Ave."}, {"id": "8138", "route": [15], "lat": "42.428731", "lon": "-76.513445", "area": "Ithaca - Southside/ Southwest ", "farezone": "Zone 1", "name": "Wal*Mart"}, {"id": "9008", "route": [14], "lat": "42.441998", "lon": "-76.524185", "area": "Ithaca - West Hill/ West End ", "farezone": "Zone 1", "name": "Warren Pl. @ Cliff Park"}, {"id": "9114", "route": [14], "lat": "42.448573", "lon": "-76.526374", "area": "Ithaca - West Hill/ West End ", "farezone": "Zone 1", "name": "Warren Pl. @ Hector (Route 79)"}, {"id": "9117", "route": [14], "lat": "42.439595", "lon": "-76.523952", "area": "Ithaca - West Hill/ West End ", "farezone": "Zone 1", "name": "Warren Pl. @ Hook"}, {"id": "9115", "route": [14], "lat": "42.445715", "lon": "-76.525620", "area": "Ithaca - West Hill/ West End ", "farezone": "Zone 1", "name": "Warren Pl. @ Richard"}, {"id": "9116", "route": [14], "lat": "42.443886", "lon": "-76.524544", "area": "Ithaca - West Hill/ West End ", "farezone": "Zone 1", "name": "Warren Pl. @ Sunrise"}, {"id": "9250", "route": [31, 37], "lat": "42.478380", "lon": "-76.466882", "area": "Town of Ithaca - Northeast ", "farezone": "Zone 1", "name": "Warren Rd. @ Arrowood"}, {"id": "9354", "route": [37], "lat": "42.524669", "lon": "-76.472687", "area": "Lansing (Town) ", "farezone": "Zone 2", "name": "Warren Rd. @ Asbury"}, {"id": "9269", "route": [32, 37, 72, 77], "lat": "42.483547", "lon": "-76.467411", "area": "Town of Ithaca - Northeast ", "farezone": "Zone 1", "name": "Warren Rd. @ Dart Dr."}, {"id": "9334", "route": [37, 77], "lat": "42.507635", "lon": "-76.471581", "area": "Lansing (Town) ", "farezone": "Zone 1", "name": "Warren Rd. @ Dutch Mill Rd."}, {"id": "4570", "route": [37, 77], "lat": "42.514467", "lon": "-76.472000", "img": "http://tcat.nextinsight.com/stoppics/64.jpg", "area": "Lansing (Town) ", "farezone": "Zone 1", "name": "Warren Rd. @ Farrell"}, {"id": "9409", "route": [], "lat": "42.467209", "lon": "-76.466054", "area": "Town of Ithaca - Northeast ", "farezone": "Zone 1", "name": "Warren Rd. @ Hanshaw"}, {"id": "9337", "route": [37, 77], "lat": "42.486372", "lon": "-76.467719", "area": "Lansing (Town) ", "farezone": "Zone 1", "name": "Warren Rd. @ Northwoods Dr."}, {"id": "9270", "route": [32, 37, 72], "lat": "42.478914", "lon": "-76.467156", "area": "Town of Ithaca - Northeast ", "farezone": "Zone 1", "name": "Warren Rd. @ Uptown Rd."}, {"id": "9335", "route": [37, 77], "lat": "42.511226", "lon": "-76.471839", "area": "Lansing (Town) ", "farezone": "Zone 1", "name": "Warren Rd. @ Village Circle"}, {"id": "9253", "route": [31, 37], "lat": "42.472904", "lon": "-76.464833", "area": "Town of Ithaca - Northeast ", "farezone": "Zone 1", "name": "Warren Rd. @ Winthrop"}, {"id": "9252", "route": [31, 37], "lat": "42.477045", "lon": "-76.467089", "area": "Town of Ithaca - Northeast ", "farezone": "Zone 1", "name": "Warrenwood Apts."}, {"id": "8132", "route": [15], "lat": "42.434957", "lon": "-76.509658", "area": "Ithaca - Southside/ Southwest ", "farezone": "Zone 1", "name": "Wegmans"}, {"id": "8118", "route": [14], "lat": "42.436500", "lon": "-76.522500", "area": "Ithaca - West Hill/ West End ", "farezone": "Zone 1", "name": "West Village @ Elm St."}, {"id": "2320", "route": [31, 74], "lat": "42.475633", "lon": "-76.457550", "img": "http://tcat.nextinsight.com/stoppics/66.jpg", "area": "Town of Ithaca - Northeast ", "farezone": "Zone 1", "name": "Winston Ct."}, {"id": "9258", "route": [31, 74], "lat": "42.474162", "lon": "-76.458342", "area": "Town of Ithaca - Northeast ", "farezone": "Zone 1", "name": "Winston Dr. @ Rose Hill Rd."}, {"id": "9287", "route": [36], "lat": "42.535256", "lon": "-76.499219", "area": "Lansing (Town) ", "farezone": "Zone 2", "name": "Woodsedge Apartments"}, {"id": "9016", "route": [], "lat": "42.456149", "lon": "-76.486151", "area": "Cayuga Heights", "farezone": "Zone 1", "name": "Wyckoff @ Highland"}, {"id": "9332", "route": [], "lat": "42.454558", "lon": "-76.483786", "area": "Cornell - North Campus ", "farezone": "Zone 1", "name": "Wyckoff @ Wait"}, {"id": "9200", "route": [13, 70, 74, 75, 77], "lat": "42.486023", "lon": "-76.488876", "area": "Lansing (Village/ Shops at Ithaca Mall) ", "farezone": "Zone 1", "name": "YMCA"}, {"id": "9151", "route": [13], "lat": "42.463433", "lon": "-76.499466", "area": "Ithaca - Northside/ Fall Creek ", "farezone": "Zone 1", "name": "Youth Bureau"}]