[{"category": "Parking", "location": {"coordinate": {"latitude": "42.4584416667", "longitude": "-76.4766888889"}}, "id": 0, "name": "A-Lot Staff Parking"}, {"category": "Plantations", "location": {"coordinate": {"latitude": "42.4478027778", "longitude": "-76.4818888889"}}, "id": 1, "name": "A. D. White Gardens"}, {"category": "Central Campus", "location": {"coordinate": {"latitude": "42.4482753993", "longitude": "-76.4819925609"}}, "id": 2, "name": "A. D. White House"}, {"category": "Near Campus", "location": {"coordinate": {"latitude": "42.4429611111", "longitude": "-76.5101861111"}}, "id": 3, "name": "AAP Downtown Facility"}, {"category": "NYC", "location": {"coordinate": {"latitude": "40.7386861111", "longitude": "-73.9946237572"}}, "id": 4, "name": "AAP New York City Center"}, {"category": "World", "location": {"coordinate": {"latitude": "41.8951666667", "longitude": "12.4755138889"}}, "id": 5, "name": "AAP in Rome"}, {"category": "Greek", "location": {"coordinate": {"latitude": "42.45871", "longitude": "-76.487259"}}, "id": 6, "name": "Acacia"}, {"category": "Ag", "location": {"coordinate": {"latitude": "42.448307", "longitude": "-76.478316"}}, "id": 7, "name": "Academic Surge Facility A"}, {"category": "Ag", "location": {"coordinate": {"latitude": "42.448063", "longitude": "-76.478309"}}, "id": 8, "name": "Academic Surge Facility B"}, {"category": "North Campus", "location": {"coordinate": {"latitude": "42.4574290881", "longitude": "-76.4823330605"}}, "id": 9, "name": "Africana Studies and Research Center"}, {"category": "Areas and Features", "location": {"coordinate": {"latitude": "42.4487422364", "longitude": "-76.4785992004"}}, "id": 10, "name": "Ag Quad"}, {"category": "East Campus", "location": {"coordinate": {"latitude": "42.444322", "longitude": "-76.452278"}}, "id": 11, "name": "Agriculture Waste Management Laboratory"}, {"category": "Carshare", "location": {"coordinate": {"latitude": "42.4420013", "longitude": "-76.5018005"}}, "id": 12, "name": "Albany/Court"}, {"category": "Greek", "location": {"coordinate": {"latitude": "42.457199", "longitude": "-76.487083"}}, "id": 13, "name": "Alpha Chi Omega"}, {"category": "Greek", "location": {"coordinate": {"latitude": "42.450802", "longitude": "-76.4898"}}, "id": 14, "name": "Alpha Delta Phi"}, {"category": "Greek", "location": {"coordinate": {"latitude": "42.456589", "longitude": "-76.48542"}}, "id": 15, "name": "Alpha Epsilon Phi"}, {"category": "Greek", "location": {"coordinate": {"latitude": "42.454239", "longitude": "-76.488289"}}, "id": 16, "name": "Alpha Epsilon Pi"}, {"category": "Greek", "location": {"coordinate": {"latitude": "42.455681", "longitude": "-76.485199"}}, "id": 17, "name": "Alpha Gamma Rho"}, {"category": "Greek", "location": {"coordinate": {"latitude": "42.453281", "longitude": "-76.483879"}}, "id": 18, "name": "Alpha Phi"}, {"category": "Greek", "location": {"coordinate": {"latitude": "42.452129", "longitude": "-76.49073"}}, "id": 19, "name": "Alpha Sigma Phi"}, {"category": "Greek", "location": {"coordinate": {"latitude": "42.45538", "longitude": "-76.48967"}}, "id": 20, "name": "Alpha Xi Delta"}, {"category": "Greek", "location": {"coordinate": {"latitude": "42.454121", "longitude": "-76.487228"}}, "id": 21, "name": "Alpha Zeta"}, {"category": "Near Campus", "location": {"coordinate": {"latitude": "42.440647092", "longitude": "-76.4975857737"}}, "id": 22, "name": "Alumni Affairs and Development, Ithaca"}, {"category": "NYC", "location": {"coordinate": {"latitude": "40.745845", "longitude": "-73.982108"}}, "id": 23, "name": "Alumni Affairs and Development, NYC"}, {"category": "North Campus", "location": {"coordinate": {"latitude": "42.4518030866", "longitude": "-76.480877053"}}, "id": 24, "name": "Alumni House"}, {"category": "North Campus", "location": {"coordinate": {"latitude": "42.456146", "longitude": "-76.480432"}}, "id": 25, "name": "American Indian Program House"}, {"category": "Law", "location": {"coordinate": {"latitude": "42.444933", "longitude": "-76.485615"}}, "id": 26, "name": "Anabel Taylor Hall"}, {"category": "East Campus", "location": {"coordinate": {"latitude": "42.4449833333", "longitude": "-76.4672273971"}}, "id": 27, "name": "Animal Science Teaching and Research Barns"}, {"category": "North Campus", "location": {"coordinate": {"latitude": "42.453918", "longitude": "-76.482343"}}, "id": 28, "name": "Anna Comstock House"}, {"category": "North Campus", "location": {"coordinate": {"latitude": "42.4564190404", "longitude": "-76.4745151008"}}, "id": 29, "name": "Appel Basketball Courts"}, {"category": "North Campus", "location": {"coordinate": {"latitude": "42.4541437603", "longitude": "-76.4747615573"}}, "id": 30, "name": "Appel South Fields and Tennis Courts"}, {"category": "World", "location": {"coordinate": {"latitude": "42.9877138889", "longitude": "-70.6150461528"}}, "id": 31, "name": "Appledore Island, Gulf of Maine"}, {"category": "East Hill", "location": {"coordinate": {"latitude": "42.441875", "longitude": "-76.4679564061"}}, "id": 32, "name": "Aquaculture Building"}, {"category": "World", "location": {"coordinate": {"latitude": "18.3441210053", "longitude": "-66.7527318588"}}, "id": 33, "name": "Arecibo Observatory"}, {"category": "State", "location": {"coordinate": {"latitude": "42.262958509", "longitude": "-76.6268619858"}}, "id": 34, "name": "Arnot Teaching and Research Forest"}, {"category": "East Campus", "location": {"coordinate": {"latitude": "42.444271", "longitude": "-76.451763"}}, "id": 35, "name": "Arthropod Research Facility"}, {"category": "Areas and Features", "location": {"coordinate": {"latitude": "42.449273416", "longitude": "-76.4845323673"}}, "id": 36, "name": "Arts Quad"}, {"category": "Carshare", "location": {"coordinate": {"latitude": "42.4472008", "longitude": "-76.4961014"}}, "id": 37, "name": "Aurora/Yates"}, {"category": "Parking", "location": {"coordinate": {"latitude": "42.4462611111", "longitude": "-76.46345"}}, "id": 38, "name": "B-Lot Staff Parking"}, {"category": "Parking", "location": {"coordinate": {"latitude": "42.4456531489", "longitude": "-76.4647554824"}}, "id": 39, "name": "B-Lot Visitor Parking"}, {"category": "Central Campus", "location": {"coordinate": {"latitude": "42.449223", "longitude": "-76.480123"}}, "id": 40, "name": "Bailey Hall"}, {"category": "Near Campus", "location": {"coordinate": {"latitude": "42.428018227", "longitude": "-76.4539784039"}}, "id": 41, "name": "Baker Institute for Animal Health"}, {"category": "Central Campus", "location": {"coordinate": {"latitude": "42.450151", "longitude": "-76.481771"}}, "id": 42, "name": "Baker Laboratory"}, {"category": "West Campus", "location": {"coordinate": {"latitude": "42.448714", "longitude": "-76.488661"}}, "id": 43, "name": "Baker North"}, {"category": "West Campus", "location": {"coordinate": {"latitude": "42.448494", "longitude": "-76.488357"}}, "id": 44, "name": "Baker South"}, {"category": "West Campus", "location": {"coordinate": {"latitude": "42.448928", "longitude": "-76.488153"}}, "id": 45, "name": "Baker Tower"}, {"category": "North Campus", "location": {"coordinate": {"latitude": "42.452988", "longitude": "-76.479677"}}, "id": 46, "name": "Balch Hall"}, {"category": "Engineering", "location": {"coordinate": {"latitude": "42.443878", "longitude": "-76.484026"}}, "id": 47, "name": "Bard Hall"}, {"category": "Central Campus", "location": {"coordinate": {"latitude": "42.446429", "longitude": "-76.484324"}}, "id": 48, "name": "Barnes Hall"}, {"category": "Athletics", "location": {"coordinate": {"latitude": "42.445755", "longitude": "-76.476204"}}, "id": 49, "name": "Bartels Hall"}, {"category": "Athletics", "location": {"coordinate": {"latitude": "42.445954", "longitude": "-76.480718"}}, "id": 50, "name": "Barton Hall"}, {"category": "State", "location": {"coordinate": {"latitude": "42.8752623604", "longitude": "-77.0056827758"}}, "id": 51, "name": "Barton Laboratory"}, {"category": "North Campus", "location": {"coordinate": {"latitude": "42.453612", "longitude": "-76.478462"}}, "id": 52, "name": "Bauer Hall"}, {"category": "Areas and Features", "location": {"coordinate": {"latitude": "42.4519444444", "longitude": "-76.4794948462"}}, "id": 53, "name": "Beebe Dam"}, {"category": "Areas and Features", "location": {"coordinate": {"latitude": "42.4517444444", "longitude": "-76.4799819496"}}, "id": 54, "name": "Beebe Dam Bridge"}, {"category": "East Campus", "location": {"coordinate": {"latitude": "42.448938", "longitude": "-76.474251"}}, "id": 55, "name": "Beebe Hall"}, {"category": "Areas and Features", "location": {"coordinate": {"latitude": "42.4514412078", "longitude": "-76.477222532"}}, "id": 56, "name": "Beebe Lake"}, {"category": "Areas and Features", "location": {"coordinate": {"latitude": "42.452338252", "longitude": "-76.4784185328"}}, "id": 57, "name": "Beebe Lake Green"}, {"category": "East Hill", "location": {"coordinate": {"latitude": "42.435009432", "longitude": "-76.4655658495"}}, "id": 58, "name": "Belkin Squash Courts"}, {"category": "Athletics", "location": {"coordinate": {"latitude": "42.4461542746", "longitude": "-76.473685261"}}, "id": 59, "name": "Berman Soccer Field"}, {"category": "Greek", "location": {"coordinate": {"latitude": "42.455921", "longitude": "-76.489891"}}, "id": 60, "name": "Beta Theta Pi"}, {"category": "Central Campus", "location": {"coordinate": {"latitude": "42.448499", "longitude": "-76.480959"}}, "id": 61, "name": "Big Red Barn"}, {"category": "Engineering", "location": {"coordinate": {"latitude": "42.44495", "longitude": "-76.480807"}}, "id": 62, "name": "Bill and Melinda Gates Hall"}, {"category": "Areas and Features", "location": {"coordinate": {"latitude": "42.446855026", "longitude": "-76.4789193043"}}, "id": 63, "name": "Biology Quad"}, {"category": "Central Campus", "location": {"coordinate": {"latitude": "42.4464262095", "longitude": "-76.4783622173"}}, "id": 64, "name": "Biotechnology Building"}, {"category": "East Hill", "location": {"coordinate": {"latitude": "42.4429916667", "longitude": "-76.4688079216"}}, "id": 65, "name": "Blair Farm Complex"}, {"category": "East Campus", "location": {"coordinate": {"latitude": "42.448652", "longitude": "-76.469785"}}, "id": 66, "name": "Blauvelt Laboratory"}, {"category": "West Campus", "location": {"coordinate": {"latitude": "42.449007", "longitude": "-76.488725"}}, "id": 67, "name": "Boldt Hall"}, {"category": "West Campus", "location": {"coordinate": {"latitude": "42.448998", "longitude": "-76.489066"}}, "id": 68, "name": "Boldt Tower"}, {"category": "East Campus", "location": {"coordinate": {"latitude": "42.447035", "longitude": "-76.46764"}}, "id": 69, "name": "Boyce Thompson Institute"}, {"category": "Ag", "location": {"coordinate": {"latitude": "42.447931", "longitude": "-76.475775"}}, "id": 70, "name": "Bradfield Hall"}, {"category": "Co-ops", "location": {"coordinate": {"latitude": "42.4566055556", "longitude": "-76.4817"}}, "id": 71, "name": "Brooklane Apartments"}, {"category": "East Campus", "location": {"coordinate": {"latitude": "42.448324", "longitude": "-76.474077"}}, "id": 72, "name": "Bruckner Laboratory"}, {"category": "Carshare", "location": {"coordinate": {"latitude": "42.4416008", "longitude": "-76.490097"}}, "id": 73, "name": "Buffalo/Stewart"}, {"category": "Areas and Features", "location": {"coordinate": {"latitude": "42.4854361111", "longitude": "-76.4612789046"}}, "id": 74, "name": "Business and Technology Park"}, {"category": "Community", "location": {"coordinate": {"latitude": "42.4170055556", "longitude": "-76.5215679399"}}, "id": 75, "name": "Buttermilk Falls State Park"}, {"category": "Ag", "location": {"coordinate": {"latitude": "42.449222", "longitude": "-76.478261"}}, "id": 76, "name": "Caldwell Hall"}, {"category": "West Campus", "location": {"coordinate": {"latitude": "42.448208", "longitude": "-76.489555"}}, "id": 77, "name": "Carl Becker House"}, {"category": "Carshare", "location": {"coordinate": {"latitude": "42.4449997", "longitude": "-76.4841995"}}, "id": 78, "name": "Carpenter Hall"}, {"category": "Engineering", "location": {"coordinate": {"latitude": "42.444818", "longitude": "-76.484173"}}, "id": 79, "name": "Carpenter Hall"}, {"category": "Areas and Features", "location": {"coordinate": {"latitude": "42.4431452309", "longitude": "-76.4869782867"}}, "id": 80, "name": "Cascadilla Creek"}, {"category": "Collegetown", "location": {"coordinate": {"latitude": "42.442393", "longitude": "-76.486809"}}, "id": 81, "name": "Cascadilla Hall"}, {"category": "Carshare", "location": {"coordinate": {"latitude": "42.4444008", "longitude": "-76.5055008"}}, "id": 82, "name": "Cascadilla/Park"}, {"category": "Community", "location": {"coordinate": {"latitude": "42.4530553915", "longitude": "-76.5113496063"}}, "id": 83, "name": "Cayuga Inlet"}, {"category": "Community", "location": {"coordinate": {"latitude": "42.4691555556", "longitude": "-76.5375361111"}}, "id": 84, "name": "Cayuga Medical Center"}, {"category": "Community", "location": {"coordinate": {"latitude": "42.519042", "longitude": "-76.554624"}}, "id": 85, "name": "Cayuga Nature Center"}, {"category": "Carshare", "location": {"coordinate": {"latitude": "42.4448013", "longitude": "-76.4991989"}}, "id": 86, "name": "Cayuga/Farm"}, {"category": "Carshare", "location": {"coordinate": {"latitude": "42.4496002", "longitude": "-76.4994965"}}, "id": 87, "name": "Cayuga/Lewis"}, {"category": "Co-ops", "location": {"coordinate": {"latitude": "42.4443886045", "longitude": "-76.4878785128"}}, "id": 88, "name": "Center for Jewish Living"}, {"category": "East Hill", "location": {"coordinate": {"latitude": "42.442929", "longitude": "-76.474696"}}, "id": 89, "name": "Central Heating Plant"}, {"category": "Co-ops", "location": {"coordinate": {"latitude": "42.4537", "longitude": "-76.4900972222"}}, "id": 90, "name": "Chesterton House"}, {"category": "Greek", "location": {"coordinate": {"latitude": "42.443691", "longitude": "-76.48877"}}, "id": 91, "name": "Chi Phi"}, {"category": "Greek", "location": {"coordinate": {"latitude": "42.450859", "longitude": "-76.488129"}}, "id": 92, "name": "Chi Psi"}, {"category": "Central Campus", "location": {"coordinate": {"latitude": "42.4513333333", "longitude": "-76.4792557082"}}, "id": 93, "name": "Chilled Water Plant"}, {"category": "North Campus", "location": {"coordinate": {"latitude": "42.454242", "longitude": "-76.479112"}}, "id": 94, "name": "Clara Dickson Hall"}, {"category": "Central Campus", "location": {"coordinate": {"latitude": "42.449819", "longitude": "-76.481122"}}, "id": 95, "name": "Clark Hall"}, {"category": "Areas and Features", "location": {"coordinate": {"latitude": "42.4430324044", "longitude": "-76.485213427"}}, "id": 96, "name": "College Avenue Stone Arch Bridge"}, {"category": "Carshare", "location": {"coordinate": {"latitude": "42.4413986", "longitude": "-76.485199"}}, "id": 97, "name": "College/Dryden"}, {"category": "Parking", "location": {"coordinate": {"latitude": "42.4416557851", "longitude": "-76.4852334806"}}, "id": 98, "name": "Collegetown (Ctown)"}, {"category": "Athletics", "location": {"coordinate": {"latitude": "42.446922", "longitude": "-76.511169"}}, "id": 99, "name": "Collyer Boat House"}, {"category": "East Campus", "location": {"coordinate": {"latitude": "42.4469027778", "longitude": "-76.4646444444"}}, "id": 100, "name": "Companion Animal Hospital"}, {"category": "Ag", "location": {"coordinate": {"latitude": "42.449285", "longitude": "-76.479036"}}, "id": 101, "name": "Computing and Communications Center"}, {"category": "Central Campus", "location": {"coordinate": {"latitude": "42.4465808608", "longitude": "-76.4793394348"}}, "id": 102, "name": "Comstock Hall"}, {"category": "Parking", "location": {"coordinate": {"latitude": "42.455835", "longitude": "-76.478951"}}, "id": 103, "name": "Conference Lot C"}, {"category": "Community", "location": {"coordinate": {"latitude": "42.4797979277", "longitude": "-76.4644410997"}}, "id": 104, "name": "Convenient Care at Ithaca"}, {"category": "West Campus", "location": {"coordinate": {"latitude": "42.448831", "longitude": "-76.489599"}}, "id": 105, "name": "Cook House"}, {"category": "North Campus", "location": {"coordinate": {"latitude": "42.459272", "longitude": "-76.475892"}}, "id": 106, "name": "Cornell Child Care Center"}, {"category": "NYC", "location": {"coordinate": {"latitude": "40.7544142518", "longitude": "-73.9793403555"}}, "id": 107, "name": "Cornell Club of New York City"}, {"category": "East Campus", "location": {"coordinate": {"latitude": "42.4449092864", "longitude": "-76.4622795998"}}, "id": 108, "name": "Cornell Orchards"}, {"category": "Plantations", "location": {"coordinate": {"latitude": "42.449563", "longitude": "-76.472291"}}, "id": 109, "name": "Cornell Plantations Brian C. Nevin Welcome Center"}, {"category": "World", "location": {"coordinate": {"latitude": "38.9083361111", "longitude": "-77.048489"}}, "id": 110, "name": "Cornell in Washington D.C."}, {"category": "Central Campus", "location": {"coordinate": {"latitude": "42.447254", "longitude": "-76.478252"}}, "id": 111, "name": "Corson Hall"}, {"category": "North Campus", "location": {"coordinate": {"latitude": "42.454471", "longitude": "-76.478029"}}, "id": 112, "name": "Court Residence Hall"}, {"category": "Carshare", "location": {"coordinate": {"latitude": "42.4426994", "longitude": "-76.4945984"}}, "id": 113, "name": "Court/Linn"}, {"category": "World", "location": {"coordinate": {"latitude": "43.0581944444", "longitude": "-70.7394388889"}}, "id": 114, "name": "Creek Farm Cottage, Portsmouth, New Hampshire"}, {"category": "East Campus", "location": {"coordinate": {"latitude": "42.4470490473", "longitude": "-76.4702380416"}}, "id": 115, "name": "Dairy Bar"}, {"category": "Parking", "location": {"coordinate": {"latitude": "42.4473439686", "longitude": "-76.4702294555"}}, "id": 116, "name": "Dairy Bar Parking Lot"}, {"category": "Central Campus", "location": {"coordinate": {"latitude": "42.447017", "longitude": "-76.483271"}}, "id": 117, "name": "Day Hall"}, {"category": "Engineering", "location": {"coordinate": {"latitude": "42.44465", "longitude": "-76.4847995773"}}, "id": 118, "name": "DeFrees Lab"}, {"category": "Plantations", "location": {"coordinate": {"latitude": "42.4496", "longitude": "-76.4772861111"}}, "id": 119, "name": "Dean's Garden"}, {"category": "Greek", "location": {"coordinate": {"latitude": "42.453777", "longitude": "-76.488327"}}, "id": 120, "name": "Delta Chi"}, {"category": "Greek", "location": {"coordinate": {"latitude": "42.455399", "longitude": "-76.481369"}}, "id": 121, "name": "Delta Delta Delta"}, {"category": "Greek", "location": {"coordinate": {"latitude": "42.455479", "longitude": "-76.480454"}}, "id": 122, "name": "Delta Gamma"}, {"category": "Greek", "location": {"coordinate": {"latitude": "42.444561", "longitude": "-76.487122"}}, "id": 123, "name": "Delta Kappa Epsilon"}, {"category": "Greek", "location": {"coordinate": {"latitude": "42.44661", "longitude": "-76.491997"}}, "id": 124, "name": "Delta Phi"}, {"category": "Greek", "location": {"coordinate": {"latitude": "42.445358", "longitude": "-76.488663"}}, "id": 125, "name": "Delta Tau Delta"}, {"category": "Greek", "location": {"coordinate": {"latitude": "42.445148", "longitude": "-76.487167"}}, "id": 126, "name": "Delta Upsilon"}, {"category": "East Hill", "location": {"coordinate": {"latitude": "42.4432307547", "longitude": "-76.4691609596"}}, "id": 127, "name": "Dilmun Hill Student Organic Farm"}, {"category": "East Campus", "location": {"coordinate": {"latitude": "42.448489", "longitude": "-76.46827"}}, "id": 128, "name": "Dimock Environmental Control Laboratory"}, {"category": "Central Campus", "location": {"coordinate": {"latitude": "42.447294", "longitude": "-76.480109"}}, "id": 129, "name": "Dolgen Hall"}, {"category": "Community", "location": {"coordinate": {"latitude": "42.4404274197", "longitude": "-76.4969070458"}}, "id": 130, "name": "Downtown Ithaca"}, {"category": "Carshare", "location": {"coordinate": {"latitude": "42.4412003", "longitude": "-76.4822998"}}, "id": 131, "name": "Dryden/Elmwood"}, {"category": "Engineering", "location": {"coordinate": {"latitude": "42.444667", "longitude": "-76.482571"}}, "id": 132, "name": "Duffield Hall"}, {"category": "Near Campus", "location": {"coordinate": {"latitude": "42.465025", "longitude": "-76.445158"}}, "id": 133, "name": "Dyce Laboratory"}, {"category": "East Campus", "location": {"coordinate": {"latitude": "42.446819", "longitude": "-76.465866"}}, "id": 134, "name": "East Campus Research Facility"}, {"category": "East Campus", "location": {"coordinate": {"latitude": "42.445328", "longitude": "-76.456151"}}, "id": 135, "name": "East Campus Service Center"}, {"category": "East Hill", "location": {"coordinate": {"latitude": "42.439152", "longitude": "-76.463231"}}, "id": 136, "name": "East Hill Office Building"}, {"category": "East Hill", "location": {"coordinate": {"latitude": "42.437848", "longitude": "-76.464159"}}, "id": 137, "name": "East Hill Plaza"}, {"category": "East Hill", "location": {"coordinate": {"latitude": "42.441586", "longitude": "-76.466471"}}, "id": 138, "name": "Ecology and Toxicology Fish Hatchery"}, {"category": "Areas and Features", "location": {"coordinate": {"latitude": "42.4423973457", "longitude": "-76.4874757654"}}, "id": 139, "name": "Eddy Gate"}, {"category": "Carshare", "location": {"coordinate": {"latitude": "42.4422989", "longitude": "-76.4873962"}}, "id": 140, "name": "Eddy/Dryden"}, {"category": "Ag", "location": {"coordinate": {"latitude": "42.448384", "longitude": "-76.47581"}}, "id": 141, "name": "Emerson Hall"}, {"category": "Areas and Features", "location": {"coordinate": {"latitude": "42.4445244353", "longitude": "-76.4836270546"}}, "id": 142, "name": "Engineering Quad"}, {"category": "East Campus", "location": {"coordinate": {"latitude": "42.446437", "longitude": "-76.459806"}}, "id": 143, "name": "Environmental Health & Safety"}, {"category": "Near Campus", "location": {"coordinate": {"latitude": "42.500524", "longitude": "-76.466513"}}, "id": 144, "name": "Equine Drug Sports Medicine Facility"}, {"category": "East Campus", "location": {"coordinate": {"latitude": "42.444534", "longitude": "-76.467482"}}, "id": 145, "name": "Equine Metabolism Unit"}, {"category": "Near Campus", "location": {"coordinate": {"latitude": "42.4615138889", "longitude": "-76.4580111111"}}, "id": 146, "name": "Equine Park"}, {"category": "East Campus", "location": {"coordinate": {"latitude": "42.4473558715", "longitude": "-76.4634931068"}}, "id": 147, "name": "Equine and Farm Animal Hospitals"}, {"category": "East Campus", "location": {"coordinate": {"latitude": "42.44335", "longitude": "-76.456047"}}, "id": 148, "name": "Facilities Services Recycling Center"}, {"category": "Athletics", "location": {"coordinate": {"latitude": "42.4427814536", "longitude": "-76.4797307327"}}, "id": 149, "name": "Faculty Tennis Club"}, {"category": "Areas and Features", "location": {"coordinate": {"latitude": "42.4536805556", "longitude": "-76.4725713148"}}, "id": 150, "name": "Fall Creek"}, {"category": "Community", "location": {"coordinate": {"latitude": "42.4534333458", "longitude": "-76.4975743085"}}, "id": 151, "name": "Fall Creek Studios"}, {"category": "East Campus", "location": {"coordinate": {"latitude": "42.44638", "longitude": "-76.458394"}}, "id": 152, "name": "Farm Service Shop"}, {"category": "East Campus", "location": {"coordinate": {"latitude": "42.4477492838", "longitude": "-76.4672366398"}}, "id": 153, "name": "Federal Nutrition Lab"}, {"category": "Ag", "location": {"coordinate": {"latitude": "42.448442", "longitude": "-76.475128"}}, "id": 154, "name": "Fernow Hall"}, {"category": "West Campus", "location": {"coordinate": {"latitude": "42.447773", "longitude": "-76.48885"}}, "id": 155, "name": "Flora Rose House"}, {"category": "East Campus", "location": {"coordinate": {"latitude": "42.4487805556", "longitude": "-76.4693013225"}}, "id": 156, "name": "Floriculture Buildings"}, {"category": "East Campus", "location": {"coordinate": {"latitude": "42.447107", "longitude": "-76.470425"}}, "id": 157, "name": "Food Science Laboratory"}, {"category": "West Campus", "location": {"coordinate": {"latitude": "42.448433", "longitude": "-76.487976"}}, "id": 158, "name": "Founders Hall"}, {"category": "Arts", "location": {"coordinate": {"latitude": "42.451518", "longitude": "-76.483532"}}, "id": 159, "name": "Foundry"}, {"category": "Arts", "location": {"coordinate": {"latitude": "42", "longitude": "-76"}}, "id": 160, "name": "Foundry Kiln Shed"}, {"category": "Athletics", "location": {"coordinate": {"latitude": "42.4455", "longitude": "-76.475761"}}, "id": 161, "name": "Friedman Strength and Conditioning Center"}, {"category": "Athletics", "location": {"coordinate": {"latitude": "42.445595", "longitude": "-76.474537"}}, "id": 162, "name": "Friedman Wrestling Center"}, {"category": "Athletics", "location": {"coordinate": {"latitude": "42.4450117626", "longitude": "-76.4782566193"}}, "id": 163, "name": "Friends Hall"}, {"category": "North Campus", "location": {"coordinate": {"latitude": "42.45277", "longitude": "-76.474502"}}, "id": 164, "name": "Fuertes Observatory"}, {"category": "Central Campus", "location": {"coordinate": {"latitude": "42.445832", "longitude": "-76.485558"}}, "id": 165, "name": "Gannett Health Services"}, {"category": "Arts", "location": {"coordinate": {"latitude": "42.449063", "longitude": "-76.483473"}}, "id": 166, "name": "Goldwin Smith Hall"}, {"category": "East Hill", "location": {"coordinate": {"latitude": "42.443435", "longitude": "-76.471216"}}, "id": 167, "name": "Graphic Arts Services Building"}, {"category": "Carshare", "location": {"coordinate": {"latitude": "42.4387016", "longitude": "-76.4973984"}}, "id": 168, "name": "Green St"}, {"category": "Plantations", "location": {"coordinate": {"latitude": "42.4521166667", "longitude": "-76.4543888889"}}, "id": 169, "name": "Grossman Pond"}, {"category": "East Campus", "location": {"coordinate": {"latitude": "42.445949", "longitude": "-76.457298"}}, "id": 170, "name": "Grounds Operations Facility"}, {"category": "Engineering", "location": {"coordinate": {"latitude": "42.443362", "longitude": "-76.482089"}}, "id": 171, "name": "Grumman Hall"}, {"category": "Athletics", "location": {"coordinate": {"latitude": "42.444971", "longitude": "-76.479882"}}, "id": 172, "name": "Grumman Squash Courts"}, {"category": "East Campus", "location": {"coordinate": {"latitude": "42.447477", "longitude": "-76.460512"}}, "id": 173, "name": "Guterman Bioclimatic Laboratory"}, {"category": "Community", "location": {"coordinate": {"latitude": "42.4551131908", "longitude": "-76.5172125402"}}, "id": 174, "name": "Hanger Theatre"}, {"category": "West Campus", "location": {"coordinate": {"latitude": "42.447056", "longitude": "-76.488589"}}, "id": 175, "name": "Hans Bethe House"}, {"category": "State", "location": {"coordinate": {"latitude": "42.4414729948", "longitude": "-76.2481896647"}}, "id": 176, "name": "Harford Animal Science Teaching and Research Center"}, {"category": "Near Campus", "location": {"coordinate": {"latitude": "42.4582199453", "longitude": "-76.3845801388"}}, "id": 177, "name": "Hartung-Boothroyd Observatory"}, {"category": "North Campus", "location": {"coordinate": {"latitude": "42.456329", "longitude": "-76.471926"}}, "id": 178, "name": "Hasbrouck Apartments"}, {"category": "North Campus", "location": {"coordinate": {"latitude": "42.456324", "longitude": "-76.471925"}}, "id": 179, "name": "Hasbrouck Community Center"}, {"category": "State", "location": {"coordinate": {"latitude": "42.8767571409", "longitude": "-77.0074173464"}}, "id": 180, "name": "Hedrick Hall"}, {"category": "North Campus", "location": {"coordinate": {"latitude": "42.452959", "longitude": "-76.477354"}}, "id": 181, "name": "Helen Newman Hall"}, {"category": "East Hill", "location": {"coordinate": {"latitude": "42.437378", "longitude": "-76.472392"}}, "id": 182, "name": "High Voltage Laboratory"}, {"category": "Areas and Features", "location": {"coordinate": {"latitude": "42.4466968389", "longitude": "-76.4850719484"}}, "id": 183, "name": "Ho Plaza"}, {"category": "Near Campus", "location": {"coordinate": {"latitude": "42.461023", "longitude": "-76.385988"}}, "id": 184, "name": "Hoffman Challenge Course Pavilion"}, {"category": "North Campus", "location": {"coordinate": {"latitude": "42.4556441588", "longitude": "-76.4760578681"}}, "id": 185, "name": "Holland International Living Center"}, {"category": "Engineering", "location": {"coordinate": {"latitude": "42.443989", "longitude": "-76.484547"}}, "id": 186, "name": "Hollister Hall"}, {"category": "East Campus", "location": {"coordinate": {"latitude": "42.4487183692", "longitude": "-76.4687770613"}}, "id": 187, "name": "Horton Lab"}, {"category": "West Campus", "location": {"coordinate": {"latitude": "42.4483611111", "longitude": "-76.4902166667"}}, "id": 188, "name": "Hot Truck"}, {"category": "Plantations", "location": {"coordinate": {"latitude": "42.4510555556", "longitude": "-76.4546055556"}}, "id": 189, "name": "Houston Pond"}, {"category": "Athletics", "location": {"coordinate": {"latitude": "42.4441718595", "longitude": "-76.4806002251"}}, "id": 190, "name": "Hoy Field"}, {"category": "Carshare", "location": {"coordinate": {"latitude": "42.4360008", "longitude": "-76.4922028"}}, "id": 191, "name": "Hudson/Columbia"}, {"category": "Law", "location": {"coordinate": {"latitude": "42.443679", "longitude": "-76.486349"}}, "id": 192, "name": "Hughes Hall"}, {"category": "Central Campus", "location": {"coordinate": {"latitude": "42.450482", "longitude": "-76.478616"}}, "id": 193, "name": "Human Ecology Building"}, {"category": "East Campus", "location": {"coordinate": {"latitude": "42.442704", "longitude": "-76.475526"}}, "id": 194, "name": "Humphreys Service Building"}, {"category": "North Campus", "location": {"coordinate": {"latitude": "42.457931", "longitude": "-76.483945"}}, "id": 195, "name": "Hurlburt House"}, {"category": "East Campus", "location": {"coordinate": {"latitude": "42.4478198239", "longitude": "-76.4641723271"}}, "id": 196, "name": "I Barn"}, {"category": "Central Campus", "location": {"coordinate": {"latitude": "42.4469551689", "longitude": "-76.4800596677"}}, "id": 197, "name": "ILR Conference Center"}, {"category": "Near Campus", "location": {"coordinate": {"latitude": "42.479895", "longitude": "-76.45107"}}, "id": 198, "name": "Imogene Powers Johnson Center for Birds and Biodiversity"}, {"category": "Central Campus", "location": {"coordinate": {"latitude": "42.44659", "longitude": "-76.480102"}}, "id": 199, "name": "Industrial & Labor Relations Research"}, {"category": "East Campus", "location": {"coordinate": {"latitude": "42.4488611111", "longitude": "-76.4698831606"}}, "id": 200, "name": "Insectary Complex"}, {"category": "Community", "location": {"coordinate": {"latitude": "42.4394916667", "longitude": "-76.5110344413"}}, "id": 201, "name": "Ithaca Bus Terminal"}, {"category": "State", "location": {"coordinate": {"latitude": "42.4470116959", "longitude": "-76.4799802662"}}, "id": 202, "name": "Ithaca Campus"}, {"category": "Community", "location": {"coordinate": {"latitude": "42.4219222222", "longitude": "-76.4949908977"}}, "id": 203, "name": "Ithaca College (IC)"}, {"category": "Community", "location": {"coordinate": {"latitude": "42.4396083333", "longitude": "-76.4968361111"}}, "id": 204, "name": "Ithaca Commons"}, {"category": "Community", "location": {"coordinate": {"latitude": "42.4510111111", "longitude": "-76.5093150559"}}, "id": 205, "name": "Ithaca Farmers' Market"}, {"category": "Community", "location": {"coordinate": {"latitude": "42.4550739114", "longitude": "-76.4986623834"}}, "id": 206, "name": "Ithaca High School (IHS)"}, {"category": "Community", "location": {"coordinate": {"latitude": "42.4370193655", "longitude": "-76.4976217476"}}, "id": 207, "name": "Ithaca Police Department"}, {"category": "Community", "location": {"coordinate": {"latitude": "42.4497583333", "longitude": "-76.5044605722"}}, "id": 208, "name": "Ithaca Sciencenter"}, {"category": "Central Campus", "location": {"coordinate": {"latitude": "42.447248", "longitude": "-76.481015"}}, "id": 209, "name": "Ives Hall"}, {"category": "Central Campus", "location": {"coordinate": {"latitude": "42.44694", "longitude": "-76.480709"}}, "id": 210, "name": "Ives Hall East"}, {"category": "Central Campus", "location": {"coordinate": {"latitude": "42.447005", "longitude": "-76.481394"}}, "id": 211, "name": "Ives Hall West"}, {"category": "East Campus", "location": {"coordinate": {"latitude": "42.4479527778", "longitude": "-76.4643027778"}}, "id": 212, "name": "J Barn"}, {"category": "North Campus", "location": {"coordinate": {"latitude": "42.4551108287", "longitude": "-76.4761191309"}}, "id": 213, "name": "JAM (Just About Music)"}, {"category": "East Campus", "location": {"coordinate": {"latitude": "42.447853", "longitude": "-76.466514"}}, "id": 214, "name": "James Law Auditorium"}, {"category": "North Campus", "location": {"coordinate": {"latitude": "42.455676", "longitude": "-76.478212"}}, "id": 215, "name": "Jameson Hall"}, {"category": "North Campus", "location": {"coordinate": {"latitude": "42.45242797", "longitude": "-76.479791492"}}, "id": 216, "name": "Japes Lodge"}, {"category": "Plantations", "location": {"coordinate": {"latitude": "42.4530111111", "longitude": "-76.4538416667"}}, "id": 217, "name": "Jennings Crabapple Collection"}, {"category": "North Campus", "location": {"coordinate": {"latitude": "42.4572416667", "longitude": "-76.4806277778"}}, "id": 218, "name": "Jessup Field"}, {"category": "Arts", "location": {"coordinate": {"latitude": "42.4507282662", "longitude": "-76.486072332"}}, "id": 219, "name": "Johnson Museum of Art"}, {"category": "State", "location": {"coordinate": {"latitude": "42.8774416667", "longitude": "-77.0072177152"}}, "id": 220, "name": "Jordan Hall"}, {"category": "Areas and Features", "location": {"coordinate": {"latitude": "42.442732", "longitude": "-76.485426"}}, "id": 221, "name": "Judith Eisner Pavilion"}, {"category": "East Campus", "location": {"coordinate": {"latitude": "42.4480822937", "longitude": "-76.4643974608"}}, "id": 222, "name": "K Barn"}, {"category": "Co-ops", "location": {"coordinate": {"latitude": "42.4479916667", "longitude": "-76.4913166667"}}, "id": 223, "name": "Kahin Center"}, {"category": "Athletics", "location": {"coordinate": {"latitude": "42.44672731", "longitude": "-76.4726602951"}}, "id": 224, "name": "Kane Sports Complex"}, {"category": "Greek", "location": {"coordinate": {"latitude": "42.444569", "longitude": "-76.488953"}}, "id": 225, "name": "Kappa Alpha Theta"}, {"category": "Greek", "location": {"coordinate": {"latitude": "42.454868", "longitude": "-76.480469"}}, "id": 226, "name": "Kappa Delta"}, {"category": "Greek", "location": {"coordinate": {"latitude": "42.45789", "longitude": "-76.486992"}}, "id": 227, "name": "Kappa Delta Rho"}, {"category": "Greek", "location": {"coordinate": {"latitude": "42.453918", "longitude": "-76.483139"}}, "id": 228, "name": "Kappa Kappa Gamma"}, {"category": "Greek", "location": {"coordinate": {"latitude": "42.44984", "longitude": "-76.491417"}}, "id": 229, "name": "Kappa Sigma"}, {"category": "North Campus", "location": {"coordinate": {"latitude": "42.454128", "longitude": "-76.477997"}}, "id": 230, "name": "Kay Hall"}, {"category": "Ag", "location": {"coordinate": {"latitude": "42.448094", "longitude": "-76.479259"}}, "id": 231, "name": "Kennedy Hall"}, {"category": "East Campus", "location": {"coordinate": {"latitude": "42.4478972222", "longitude": "-76.4693527778"}}, "id": 232, "name": "Kenneth Post Greenhouses"}, {"category": "Engineering", "location": {"coordinate": {"latitude": "42.443943", "longitude": "-76.483222"}}, "id": 233, "name": "Kimball Hall"}, {"category": "Central Campus", "location": {"coordinate": {"latitude": "42.44694", "longitude": "-76.480076"}}, "id": 234, "name": "King-Shaw Hall"}, {"category": "Central Campus", "location": {"coordinate": {"latitude": "42.449965", "longitude": "-76.479912"}}, "id": 235, "name": "Kinzelberg Hall"}, {"category": "Central Campus", "location": {"coordinate": {"latitude": "42.448031", "longitude": "-76.483459"}}, "id": 236, "name": "Kroch Library"}, {"category": "East Campus", "location": {"coordinate": {"latitude": "42.4482250254", "longitude": "-76.4644582686"}}, "id": 237, "name": "L Barn"}, {"category": "Greek", "location": {"coordinate": {"latitude": "42.44376", "longitude": "-76.48793"}}, "id": 238, "name": "Lambda Chi Alpha"}, {"category": "Near Campus", "location": {"coordinate": {"latitude": "42.485575", "longitude": "-76.4586247684"}}, "id": 239, "name": "Langmuir Lab"}, {"category": "East Campus", "location": {"coordinate": {"latitude": "42.44629", "longitude": "-76.467507"}}, "id": 240, "name": "Large Animal Research Teaching Unit"}, {"category": "East Campus", "location": {"coordinate": {"latitude": "42.4494712609", "longitude": "-76.4625704343"}}, "id": 241, "name": "Leland Laboratory"}, {"category": "Areas and Features", "location": {"coordinate": {"latitude": "42.4485743382", "longitude": "-76.4863680938"}}, "id": 242, "name": "Libe Slope"}, {"category": "East Campus", "location": {"coordinate": {"latitude": "42.4424973488", "longitude": "-76.4580312374"}}, "id": 243, "name": "Library Annex-Storage Facility"}, {"category": "Near Campus", "location": {"coordinate": {"latitude": "42.460556", "longitude": "-76.444269"}}, "id": 244, "name": "Liddell Laboratory"}, {"category": "Arts", "location": {"coordinate": {"latitude": "42.450147", "longitude": "-76.483496"}}, "id": 245, "name": "Lincoln Hall"}, {"category": "State", "location": {"coordinate": {"latitude": "43.681084", "longitude": "-74.940742"}}, "id": 246, "name": "Little Moose Field Station"}, {"category": "East Campus", "location": {"coordinate": {"latitude": "42.446585", "longitude": "-76.470678"}}, "id": 247, "name": "Livestock Pavilion"}, {"category": "North Campus", "location": {"coordinate": {"latitude": "42.4533611111", "longitude": "-76.4812527778"}}, "id": 248, "name": "Louie's Lunch Truck"}, {"category": "Athletics", "location": {"coordinate": {"latitude": "42.445708", "longitude": "-76.477446"}}, "id": 249, "name": "Lynah Rink"}, {"category": "West Campus", "location": {"coordinate": {"latitude": "42.4478", "longitude": "-76.488041"}}, "id": 250, "name": "Lyon Hall"}, {"category": "East Campus", "location": {"coordinate": {"latitude": "42.4483903556", "longitude": "-76.4645404092"}}, "id": 251, "name": "M Barn"}, {"category": "East Campus", "location": {"coordinate": {"latitude": "42.443166156", "longitude": "-76.4711831193"}}, "id": 252, "name": "Machine Shop"}, {"category": "Central Campus", "location": {"coordinate": {"latitude": "42.448225", "longitude": "-76.480195"}}, "id": 253, "name": "Malott Hall"}, {"category": "Ag", "location": {"coordinate": {"latitude": "42.448793", "longitude": "-76.476343"}}, "id": 254, "name": "Mann Library"}, {"category": "Carshare", "location": {"coordinate": {"latitude": "42.4413986", "longitude": "-76.4753036"}}, "id": 255, "name": "Maple Ave"}, {"category": "East Hill", "location": {"coordinate": {"latitude": "42.439366", "longitude": "-76.472694"}}, "id": 256, "name": "Maplewood Park"}, {"category": "East Hill", "location": {"coordinate": {"latitude": "42.441053", "longitude": "-76.474015"}}, "id": 257, "name": "Maplewood Park Apartments Community Center"}, {"category": "Central Campus", "location": {"coordinate": {"latitude": "42.450093", "longitude": "-76.477969"}}, "id": 258, "name": "Martha Van Rensselaer East Building"}, {"category": "Central Campus", "location": {"coordinate": {"latitude": "42.450011", "longitude": "-76.478671"}}, "id": 259, "name": "Martha Van Rensselaer Hall"}, {"category": "Central Campus", "location": {"coordinate": {"latitude": "42.450243", "longitude": "-76.479102"}}, "id": 260, "name": "Martha Van Rensselaer West Building"}, {"category": "North Campus", "location": {"coordinate": {"latitude": "42.45496", "longitude": "-76.477745"}}, "id": 261, "name": "Mary Donlon Hall"}, {"category": "West Campus", "location": {"coordinate": {"latitude": "42.4472385972", "longitude": "-76.4880132647"}}, "id": 262, "name": "McFadden Hall"}, {"category": "Arts", "location": {"coordinate": {"latitude": "42.449389337", "longitude": "-76.4854302925"}}, "id": 263, "name": "McGraw Hall"}, {"category": "Central Campus", "location": {"coordinate": {"latitude": "42.4475583333", "longitude": "-76.4850527778"}}, "id": 264, "name": "McGraw Tower"}, {"category": "West Campus", "location": {"coordinate": {"latitude": "42.447999", "longitude": "-76.488062"}}, "id": 265, "name": "Mennen Hall"}, {"category": "Athletics", "location": {"coordinate": {"latitude": "42.4701698641", "longitude": "-76.5031021934"}}, "id": 266, "name": "Merrill Family Sailing Center"}, {"category": "North Campus", "location": {"coordinate": {"latitude": "42.4543860375", "longitude": "-76.4768944705"}}, "id": 267, "name": "Mews Hall"}, {"category": "Central Campus", "location": {"coordinate": {"latitude": "42.449156", "longitude": "-76.481238"}}, "id": 268, "name": "Micro-Kelvin Laboratory"}, {"category": "Near Campus", "location": {"coordinate": {"latitude": "42.4390444444", "longitude": "-76.4875527778"}}, "id": 269, "name": "Miller-Heller House"}, {"category": "Arts", "location": {"coordinate": {"latitude": "42.451219", "longitude": "-76.483563"}}, "id": 270, "name": "Milstein Hall"}, {"category": "Plantations", "location": {"coordinate": {"latitude": "42.4477835899", "longitude": "-76.4775797052"}}, "id": 271, "name": "Minn's Garden"}, {"category": "North Campus", "location": {"coordinate": {"latitude": "42.458244", "longitude": "-76.467325"}}, "id": 272, "name": "Moakley House Golf Course"}, {"category": "East Campus", "location": {"coordinate": {"latitude": "42.44804", "longitude": "-76.465723"}}, "id": 273, "name": "Moore Laboratory"}, {"category": "Arts", "location": {"coordinate": {"latitude": "42.448637", "longitude": "-76.485315"}}, "id": 274, "name": "Morrill Hall"}, {"category": "East Campus", "location": {"coordinate": {"latitude": "42.446301", "longitude": "-76.46926"}}, "id": 275, "name": "Morrison Hall"}, {"category": "East Campus", "location": {"coordinate": {"latitude": "42.44965", "longitude": "-76.463213"}}, "id": 276, "name": "Muenscher Laboratory"}, {"category": "Community", "location": {"coordinate": {"latitude": "42.4663422598", "longitude": "-76.5363835737"}}, "id": 277, "name": "Museum of the Earth"}, {"category": "Law", "location": {"coordinate": {"latitude": "42.444024", "longitude": "-76.485592"}}, "id": 278, "name": "Myron Taylor Hall"}, {"category": "Law", "location": {"coordinate": {"latitude": "42.443742", "longitude": "-76.485784"}}, "id": 279, "name": "Myron Taylor Jane Foster Library Addition"}, {"category": "East Campus", "location": {"coordinate": {"latitude": "42.4472980032", "longitude": "-76.4684599978"}}, "id": 280, "name": "Nematode Lab"}, {"category": "State", "location": {"coordinate": {"latitude": "40.7058556528", "longitude": "-73.8958584148"}}, "id": 281, "name": "New York City"}, {"category": "State", "location": {"coordinate": {"latitude": "42.8771100003", "longitude": "-77.0076509999"}}, "id": 282, "name": "New York State Agricultural Experiment Station"}, {"category": "East Campus", "location": {"coordinate": {"latitude": "42.448806", "longitude": "-76.46427"}}, "id": 283, "name": "New York State Veterinary Diagnostic Laboratory"}, {"category": "Central Campus", "location": {"coordinate": {"latitude": "42.450529869", "longitude": "-76.4804966589"}}, "id": 284, "name": "Newman Accelerator Building"}, {"category": "Areas and Features", "location": {"coordinate": {"latitude": "42.4518611111", "longitude": "-76.4559944444"}}, "id": 285, "name": "Newman Arboretum"}, {"category": "Central Campus", "location": {"coordinate": {"latitude": "42.4502466398", "longitude": "-76.4804468498"}}, "id": 286, "name": "Newman Lab"}, {"category": "Carshare", "location": {"coordinate": {"latitude": "42.456501", "longitude": "-76.4776993"}}, "id": 287, "name": "North Campus"}, {"category": "Areas and Features", "location": {"coordinate": {"latitude": "42.4552597883", "longitude": "-76.4783162458"}}, "id": 288, "name": "North Campus"}, {"category": "North Campus", "location": {"coordinate": {"latitude": "42", "longitude": "-76"}}, "id": 289, "name": "North Campus  Low Rise 9"}, {"category": "North Campus", "location": {"coordinate": {"latitude": "42.456161", "longitude": "-76.476787"}}, "id": 290, "name": "North Campus High Rise 5"}, {"category": "North Campus", "location": {"coordinate": {"latitude": "42.456324", "longitude": "-76.476103"}}, "id": 291, "name": "North Campus Low Rise 6"}, {"category": "North Campus", "location": {"coordinate": {"latitude": "42.456156", "longitude": "-76.475361"}}, "id": 292, "name": "North Campus Low Rise 7"}, {"category": "North Campus", "location": {"coordinate": {"latitude": "42.454899", "longitude": "-76.476139"}}, "id": 293, "name": "North Campus Low Rise 9"}, {"category": "North Campus", "location": {"coordinate": {"latitude": "42.457317", "longitude": "-76.476896"}}, "id": 294, "name": "North Campus Student Center"}, {"category": "North Campus", "location": {"coordinate": {"latitude": "42.457024", "longitude": "-76.47785"}}, "id": 295, "name": "North Campus Townhouse A"}, {"category": "North Campus", "location": {"coordinate": {"latitude": "42.457091", "longitude": "-76.477308"}}, "id": 296, "name": "North Campus Townhouse B"}, {"category": "North Campus", "location": {"coordinate": {"latitude": "42.456977", "longitude": "-76.476651"}}, "id": 297, "name": "North Campus Townhouse C"}, {"category": "North Campus", "location": {"coordinate": {"latitude": "42.457243", "longitude": "-76.476322"}}, "id": 298, "name": "North Campus Townhouse D"}, {"category": "North Campus", "location": {"coordinate": {"latitude": "42.456984", "longitude": "-76.476005"}}, "id": 299, "name": "North Campus Townhouse E"}, {"category": "North Campus", "location": {"coordinate": {"latitude": "42.457184", "longitude": "-76.475656"}}, "id": 300, "name": "North Campus Townhouse F"}, {"category": "North Campus", "location": {"coordinate": {"latitude": "42.457022", "longitude": "-76.4753"}}, "id": 301, "name": "North Campus Townhouse G"}, {"category": "North Campus", "location": {"coordinate": {"latitude": "42.457273", "longitude": "-76.474917"}}, "id": 302, "name": "North Campus Townhouse H"}, {"category": "West Campus", "location": {"coordinate": {"latitude": "42.446462", "longitude": "-76.488018"}}, "id": 303, "name": "Noyes Community and Recreation Center"}, {"category": "North Campus", "location": {"coordinate": {"latitude": "42.4521057303", "longitude": "-76.4802785858"}}, "id": 304, "name": "Noyes Lodge"}, {"category": "Co-ops", "location": {"coordinate": {"latitude": "42.442701614", "longitude": "-76.4841689818"}}, "id": 305, "name": "Oak Avenue"}, {"category": "Carshare", "location": {"coordinate": {"latitude": "42.4426003", "longitude": "-76.4848022"}}, "id": 306, "name": "Oak/College"}, {"category": "Central Campus", "location": {"coordinate": {"latitude": "42.450741277", "longitude": "-76.4812559587"}}, "id": 307, "name": "Olin Chem Lab"}, {"category": "Engineering", "location": {"coordinate": {"latitude": "42.445429", "longitude": "-76.484397"}}, "id": 308, "name": "Olin Hall"}, {"category": "Central Campus", "location": {"coordinate": {"latitude": "42.44785", "longitude": "-76.484241"}}, "id": 309, "name": "Olin Library"}, {"category": "Arts", "location": {"coordinate": {"latitude": "42.450889", "longitude": "-76.485391"}}, "id": 310, "name": "Olive Tjaden Hall"}, {"category": "Parking", "location": {"coordinate": {"latitude": "42.4451989322", "longitude": "-76.4623135086"}}, "id": 311, "name": "Orchards Parking"}, {"category": "East Hill", "location": {"coordinate": {"latitude": "42.433978", "longitude": "-76.464587"}}, "id": 312, "name": "Oxley Equestrian Center"}, {"category": "Parking", "location": {"coordinate": {"latitude": "42.443951", "longitude": "-76.479574"}}, "id": 313, "name": "Parking Garage"}, {"category": "Parking", "location": {"coordinate": {"latitude": "42.4520246224", "longitude": "-76.4810121151"}}, "id": 314, "name": "Parking at Alumni House"}, {"category": "Parking", "location": {"coordinate": {"latitude": "42.4535236293", "longitude": "-76.4754214695"}}, "id": 315, "name": "Parking at Appel"}, {"category": "Parking", "location": {"coordinate": {"latitude": "42.4510057337", "longitude": "-76.4859667172"}}, "id": 316, "name": "Parking at Art Museum"}, {"category": "Parking", "location": {"coordinate": {"latitude": "42.4454888889", "longitude": "-76.4752083333"}}, "id": 317, "name": "Parking at Friedman"}, {"category": "Parking", "location": {"coordinate": {"latitude": "42.4529243213", "longitude": "-76.4784757593"}}, "id": 318, "name": "Parking at Helen Newman"}, {"category": "Parking", "location": {"coordinate": {"latitude": "42.4563361059", "longitude": "-76.477625153"}}, "id": 319, "name": "Parking at RPCC"}, {"category": "Parking", "location": {"coordinate": {"latitude": "42.4463809412", "longitude": "-76.4861738139"}}, "id": 320, "name": "Parking at The Straight"}, {"category": "State", "location": {"coordinate": {"latitude": "42.8768994483", "longitude": "-77.0080303007"}}, "id": 321, "name": "Parrot Hall"}, {"category": "Areas and Features", "location": {"coordinate": {"latitude": "42.4519963431", "longitude": "-76.4861027977"}}, "id": 322, "name": "Pedestrian Suspension Bridge"}, {"category": "Plantations", "location": {"coordinate": {"latitude": "42.4491444444", "longitude": "-76.4725055556"}}, "id": 323, "name": "Peony Gardens"}, {"category": "Areas and Features", "location": {"coordinate": {"latitude": "42.4468793248", "longitude": "-76.4822223698"}}, "id": 324, "name": "Peter Plaza"}, {"category": "Parking", "location": {"coordinate": {"latitude": "42.4477916667", "longitude": "-76.4704722222"}}, "id": 325, "name": "Peterson Lot"}, {"category": "Plantations", "location": {"coordinate": {"latitude": "42.4515111111", "longitude": "-76.4520138889"}}, "id": 326, "name": "Peterson Oak Grove"}, {"category": "Greek", "location": {"coordinate": {"latitude": "42.454781", "longitude": "-76.48954"}}, "id": 327, "name": "Phi Delta Theta"}, {"category": "Greek", "location": {"coordinate": {"latitude": "42.451511", "longitude": "-76.489159"}}, "id": 328, "name": "Phi Gamma Delta"}, {"category": "Greek", "location": {"coordinate": {"latitude": "42.445396", "longitude": "-76.488686"}}, "id": 329, "name": "Phi Kappa Psi"}, {"category": "Greek", "location": {"coordinate": {"latitude": "42.453781", "longitude": "-76.48835"}}, "id": 330, "name": "Phi Kappa Tau"}, {"category": "Greek", "location": {"coordinate": {"latitude": "42.445042", "longitude": "-76.487839"}}, "id": 331, "name": "Phi Sigma Sigma"}, {"category": "Engineering", "location": {"coordinate": {"latitude": "42.444511", "longitude": "-76.481992"}}, "id": 332, "name": "Phillips Hall"}, {"category": "Central Campus", "location": {"coordinate": {"latitude": "42.449892", "longitude": "-76.481767"}}, "id": 333, "name": "Physical Sciences Building"}, {"category": "Greek", "location": {"coordinate": {"latitude": "42.45816", "longitude": "-76.482559"}}, "id": 334, "name": "Pi Beta Phi"}, {"category": "Greek", "location": {"coordinate": {"latitude": "42.455688", "longitude": "-76.481438"}}, "id": 335, "name": "Pi Delta Psi"}, {"category": "Greek", "location": {"coordinate": {"latitude": "42.444488", "longitude": "-76.488419"}}, "id": 336, "name": "Pi Kappa Alpha"}, {"category": "Greek", "location": {"coordinate": {"latitude": "42.45549", "longitude": "-76.48851"}}, "id": 337, "name": "Pi Kappa Phi"}, {"category": "East Campus", "location": {"coordinate": {"latitude": "42.44917", "longitude": "-76.461978"}}, "id": 338, "name": "Plant Breeding Love Laboratory"}, {"category": "East Campus", "location": {"coordinate": {"latitude": "42.4483782391", "longitude": "-76.4685527559"}}, "id": 339, "name": "Plant Pathology Greenhouse Complex"}, {"category": "Ag", "location": {"coordinate": {"latitude": "42.448343", "longitude": "-76.476992"}}, "id": 340, "name": "Plant Science Building"}, {"category": "East Campus", "location": {"coordinate": {"latitude": "42.448041", "longitude": "-76.468273"}}, "id": 341, "name": "Plant Virology and Nematology Laboratory"}, {"category": "Areas and Features", "location": {"coordinate": {"latitude": "42.4494149539", "longitude": "-76.4719028009"}}, "id": 342, "name": "Plantations"}, {"category": "Parking", "location": {"coordinate": {"latitude": "42.4492666667", "longitude": "-76.4718444444"}}, "id": 343, "name": "Plantations Parking"}, {"category": "Plantations", "location": {"coordinate": {"latitude": "42.452956", "longitude": "-76.471911"}}, "id": 344, "name": "Plantations Ramin Administrative Center"}, {"category": "East Campus", "location": {"coordinate": {"latitude": "42.443122", "longitude": "-76.452304"}}, "id": 345, "name": "Poultry Biology Laboratory"}, {"category": "East Campus", "location": {"coordinate": {"latitude": "42.4434021183", "longitude": "-76.4713416201"}}, "id": 346, "name": "Print Shop"}, {"category": "Co-ops", "location": {"coordinate": {"latitude": "42.4548722222", "longitude": "-76.4820611111"}}, "id": 347, "name": "Prospect of Whitby"}, {"category": "North Campus", "location": {"coordinate": {"latitude": "42.453122", "longitude": "-76.481924"}}, "id": 348, "name": "Prudence Risley Residential College"}, {"category": "Greek", "location": {"coordinate": {"latitude": "42.44593", "longitude": "-76.487923"}}, "id": 349, "name": "Psi Upsilon"}, {"category": "Arts", "location": {"coordinate": {"latitude": "42.451229", "longitude": "-76.482892"}}, "id": 350, "name": "Rand Hall"}, {"category": "Near Campus", "location": {"coordinate": {"latitude": "42.442485", "longitude": "-76.450762"}}, "id": 351, "name": "Raptor Facility"}, {"category": "North Campus", "location": {"coordinate": {"latitude": "42.4535668957", "longitude": "-76.4775306476"}}, "id": 352, "name": "Rawlings Green"}, {"category": "East Hill", "location": {"coordinate": {"latitude": "42.43504", "longitude": "-76.465374"}}, "id": 353, "name": "Reis Tennis Center"}, {"category": "East Hill", "location": {"coordinate": {"latitude": "42.441734", "longitude": "-76.466923"}}, "id": 354, "name": "Resource Ecology and Management Laboratory"}, {"category": "Engineering", "location": {"coordinate": {"latitude": "42.443425", "longitude": "-76.481356"}}, "id": 355, "name": "Rhodes Hall"}, {"category": "East Campus", "location": {"coordinate": {"latitude": "42.447862", "longitude": "-76.474086"}}, "id": 356, "name": "Rice Hall"}, {"category": "Plantations", "location": {"coordinate": {"latitude": "42.449729", "longitude": "-76.471832"}}, "id": 357, "name": "Richard M Lewis Education Center"}, {"category": "East Campus", "location": {"coordinate": {"latitude": "42.445831", "longitude": "-76.471155"}}, "id": 358, "name": "Riley-Robb Hall"}, {"category": "North Campus", "location": {"coordinate": {"latitude": "42.453569", "longitude": "-76.476101"}}, "id": 359, "name": "Robert J & Helen Appel Commons"}, {"category": "North Campus", "location": {"coordinate": {"latitude": "42.455934", "longitude": "-76.477497"}}, "id": 360, "name": "Robert Purcell Community Center"}, {"category": "Athletics", "location": {"coordinate": {"latitude": "42.4603347496", "longitude": "-76.4743549164"}}, "id": 361, "name": "Robert Trent Jones Golf Course"}, {"category": "Ag", "location": {"coordinate": {"latitude": "42.447856", "longitude": "-76.467416"}}, "id": 362, "name": "Robert W. Holley Center for Agriculture and Health"}, {"category": "Ag", "location": {"coordinate": {"latitude": "42.448703", "longitude": "-76.47944"}}, "id": 363, "name": "Roberts Hall"}, {"category": "Athletics", "location": {"coordinate": {"latitude": "42.446797257", "longitude": "-76.4752351832"}}, "id": 364, "name": "Robison Alumni Fields"}, {"category": "Plantations", "location": {"coordinate": {"latitude": "42.4497339363", "longitude": "-76.4714401848"}}, "id": 365, "name": "Robison Herb Garden"}, {"category": "Near Campus", "location": {"coordinate": {"latitude": "42.446692", "longitude": "-76.511328"}}, "id": 366, "name": "Robison Shellhouse"}, {"category": "East Hill", "location": {"coordinate": {"latitude": "42.4356055556", "longitude": "-76.4662119461"}}, "id": 367, "name": "Robison Softball Field"}, {"category": "Central Campus", "location": {"coordinate": {"latitude": "42.448983", "longitude": "-76.481771"}}, "id": 368, "name": "Rockefeller Hall"}, {"category": "Plantations", "location": {"coordinate": {"latitude": "42.4478805556", "longitude": "-76.4804388889"}}, "id": 369, "name": "Rockwell Azalea Garden"}, {"category": "East Campus", "location": {"coordinate": {"latitude": "42.446144", "longitude": "-76.467492"}}, "id": 370, "name": "Ruminant Nutrition Laboratory"}, {"category": "East Campus", "location": {"coordinate": {"latitude": "42.4482472222", "longitude": "-76.4637528073"}}, "id": 371, "name": "S Barn"}, {"category": "Carshare", "location": {"coordinate": {"latitude": "42.4375992", "longitude": "-76.5006027"}}, "id": 372, "name": "S Geneva/McGraw"}, {"category": "Community", "location": {"coordinate": {"latitude": "42.4720490979", "longitude": "-76.4386117585"}}, "id": 373, "name": "SPCA"}, {"category": "Areas and Features", "location": {"coordinate": {"latitude": "42.4517361175", "longitude": "-76.4731194655"}}, "id": 374, "name": "Sackett Foot Bridge"}, {"category": "Central Campus", "location": {"coordinate": {"latitude": "42.447201", "longitude": "-76.484459"}}, "id": 375, "name": "Sage Chapel"}, {"category": "Central Campus", "location": {"coordinate": {"latitude": "42.445916", "longitude": "-76.483243"}}, "id": 376, "name": "Sage Hall"}, {"category": "Near Campus", "location": {"coordinate": {"latitude": "42.439727", "longitude": "-76.491457"}}, "id": 377, "name": "Sage House"}, {"category": "Central Campus", "location": {"coordinate": {"latitude": "42.449712", "longitude": "-76.480106"}}, "id": 378, "name": "Savage Hall"}, {"category": "Athletics", "location": {"coordinate": {"latitude": "42.444032073", "longitude": "-76.4786568495"}}, "id": 379, "name": "Schoellkopf Field"}, {"category": "Athletics", "location": {"coordinate": {"latitude": "42.4450299314", "longitude": "-76.4791739234"}}, "id": 380, "name": "Schoellkopf House"}, {"category": "Athletics", "location": {"coordinate": {"latitude": "42.444999", "longitude": "-76.478555"}}, "id": 381, "name": "Schoellkopf Memorial"}, {"category": "East Campus", "location": {"coordinate": {"latitude": "42.447992", "longitude": "-76.466142"}}, "id": 382, "name": "Schurman Hall"}, {"category": "Near Campus", "location": {"coordinate": {"latitude": "42.436683", "longitude": "-76.428035"}}, "id": 383, "name": "Schwardt Laboratory"}, {"category": "Collegetown", "location": {"coordinate": {"latitude": "42.442437", "longitude": "-76.48593"}}, "id": 384, "name": "Schwartz Center for Performing Arts"}, {"category": "Plantations", "location": {"coordinate": {"latitude": "42.4519194444", "longitude": "-76.4551222222"}}, "id": 385, "name": "Sculpture Garden"}, {"category": "Greek", "location": {"coordinate": {"latitude": "42.453464", "longitude": "-76.485642"}}, "id": 386, "name": "Seal and Serpent Society"}, {"category": "Central Campus", "location": {"coordinate": {"latitude": "42.447208", "longitude": "-76.479026"}}, "id": 387, "name": "Seeley G. Mudd Hall"}, {"category": "Carshare", "location": {"coordinate": {"latitude": "42.4404984", "longitude": "-76.4988022"}}, "id": 388, "name": "Seneca/Cayuga"}, {"category": "Carshare", "location": {"coordinate": {"latitude": "42.4403", "longitude": "-76.5102997"}}, "id": 389, "name": "Seneca/Fulton"}, {"category": "Collegetown", "location": {"coordinate": {"latitude": "42.442239", "longitude": "-76.485593"}}, "id": 390, "name": "Sheldon Court"}, {"category": "World", "location": {"coordinate": {"latitude": "43.0810222222", "longitude": "-70.7606722222"}}, "id": 391, "name": "Shoals Marine Lab Dock, Portsmouth, New Hampshire"}, {"category": "Arts", "location": {"coordinate": {"latitude": "42.450913", "longitude": "-76.4841"}}, "id": 392, "name": "Sibley Hall"}, {"category": "Greek", "location": {"coordinate": {"latitude": "42.455276", "longitude": "-76.480469"}}, "id": 393, "name": "Sigma Alpha Mu"}, {"category": "Greek", "location": {"coordinate": {"latitude": "42.456661", "longitude": "-76.49115"}}, "id": 394, "name": "Sigma Chi"}, {"category": "Greek", "location": {"coordinate": {"latitude": "42.456058", "longitude": "-76.488457"}}, "id": 395, "name": "Sigma Delta Tau"}, {"category": "Greek", "location": {"coordinate": {"latitude": "42.451683", "longitude": "-76.491753"}}, "id": 396, "name": "Sigma Nu"}, {"category": "Greek", "location": {"coordinate": {"latitude": "42.445999", "longitude": "-76.488541"}}, "id": 397, "name": "Sigma Phi"}, {"category": "Greek", "location": {"coordinate": {"latitude": "42.450069", "longitude": "-76.488869"}}, "id": 398, "name": "Sigma Phi Epsilon"}, {"category": "Greek", "location": {"coordinate": {"latitude": "42.44965", "longitude": "-76.488258"}}, "id": 399, "name": "Sigma Pi"}, {"category": "Athletics", "location": {"coordinate": {"latitude": "42.4471611111", "longitude": "-76.4736768759"}}, "id": 400, "name": "Simon Track"}, {"category": "Engineering", "location": {"coordinate": {"latitude": "42.4436098839", "longitude": "-76.4849906703"}}, "id": 401, "name": "Snee Hall"}, {"category": "Central Campus", "location": {"coordinate": {"latitude": "42.4488925163", "longitude": "-76.4811384359"}}, "id": 402, "name": "Space Sciences Building"}, {"category": "Community", "location": {"coordinate": {"latitude": "42.4394138889", "longitude": "-76.4995555556"}}, "id": 403, "name": "State Theatre"}, {"category": "Carshare", "location": {"coordinate": {"latitude": "42.4393005", "longitude": "-76.5057983"}}, "id": 404, "name": "State/Corn"}, {"category": "Carshare", "location": {"coordinate": {"latitude": "42.4388008", "longitude": "-76.4888"}}, "id": 405, "name": "State/Quarry"}, {"category": "Central Campus", "location": {"coordinate": {"latitude": "42.4454555821", "longitude": "-76.4821366317"}}, "id": 406, "name": "Statler Auditorium"}, {"category": "Central Campus", "location": {"coordinate": {"latitude": "42.4457756439", "longitude": "-76.4821548174"}}, "id": 407, "name": "Statler Hall"}, {"category": "Central Campus", "location": {"coordinate": {"latitude": "42.446374", "longitude": "-76.4822"}}, "id": 408, "name": "Statler Hotel & J. Willard Marriott Executive Education Center"}, {"category": "Areas and Features", "location": {"coordinate": {"latitude": "42.4490638703", "longitude": "-76.4839197094"}}, "id": 409, "name": "Statue of A. D. White"}, {"category": "Areas and Features", "location": {"coordinate": {"latitude": "42.4490157369", "longitude": "-76.4853019136"}}, "id": 410, "name": "Statue of Ezra Cornell"}, {"category": "Areas and Features", "location": {"coordinate": {"latitude": "42.4468305556", "longitude": "-76.4823465535"}}, "id": 411, "name": "Statue of Hercules"}, {"category": "Carshare", "location": {"coordinate": {"latitude": "42.4482002", "longitude": "-76.490303"}}, "id": 412, "name": "Stewart Ave"}, {"category": "Community", "location": {"coordinate": {"latitude": "42.4620777778", "longitude": "-76.5017680378"}}, "id": 413, "name": "Stewart Park"}, {"category": "Central Campus", "location": {"coordinate": {"latitude": "42.447773", "longitude": "-76.483347"}}, "id": 414, "name": "Stimson Hall"}, {"category": "East Campus", "location": {"coordinate": {"latitude": "42.447166", "longitude": "-76.471184"}}, "id": 415, "name": "Stocking Hall"}, {"category": "State", "location": {"coordinate": {"latitude": "42.8766043577", "longitude": "-77.0067304006"}}, "id": 416, "name": "Sturtevant Hall"}, {"category": "Areas and Features", "location": {"coordinate": {"latitude": "42.4448867791", "longitude": "-76.4836316027"}}, "id": 417, "name": "Sundial on Engineering Quad"}, {"category": "East Campus", "location": {"coordinate": {"latitude": "42.4459965204", "longitude": "-76.4701902322"}}, "id": 418, "name": "Surge 3 Facility"}, {"category": "Near Campus", "location": {"coordinate": {"latitude": "42.426769", "longitude": "-76.45299"}}, "id": 419, "name": "Swanson Wildlife Health Center"}, {"category": "East Campus", "location": {"coordinate": {"latitude": "42.4479305556", "longitude": "-76.4636210496"}}, "id": 420, "name": "T Barn"}, {"category": "Community", "location": {"coordinate": {"latitude": "42.5465096553", "longitude": "-76.5984915155"}}, "id": 421, "name": "Taughannock Falls State Park"}, {"category": "Athletics", "location": {"coordinate": {"latitude": "42.445773", "longitude": "-76.479075"}}, "id": 422, "name": "Teagle Hall"}, {"category": "NYC", "location": {"coordinate": {"latitude": "40.7621610003", "longitude": "-73.9499639998"}}, "id": 423, "name": "Technion-Cornell Innovation Institute"}, {"category": "Co-ops", "location": {"coordinate": {"latitude": "42.4457977481", "longitude": "-76.487093083"}}, "id": 424, "name": "Telluride House"}, {"category": "Central Campus", "location": {"coordinate": {"latitude": "42.446744", "longitude": "-76.484202"}}, "id": 425, "name": "The Cornell Store"}, {"category": "Greek", "location": {"coordinate": {"latitude": "42.450069", "longitude": "-76.487701"}}, "id": 426, "name": "Theta Delta Chi"}, {"category": "Engineering", "location": {"coordinate": {"latitude": "42.443913", "longitude": "-76.48366"}}, "id": 427, "name": "Thurston Hall"}, {"category": "Carshare", "location": {"coordinate": {"latitude": "42.4342003", "longitude": "-76.5039978"}}, "id": 428, "name": "Titus/Plain"}, {"category": "North Campus", "location": {"coordinate": {"latitude": "42.456515", "longitude": "-76.480988"}}, "id": 429, "name": "Tobin Fieldhouse"}, {"category": "Central Campus", "location": {"coordinate": {"latitude": "42.45122", "longitude": "-76.478606"}}, "id": 430, "name": "Toboggan Lodge"}, {"category": "Community", "location": {"coordinate": {"latitude": "42.4505987726", "longitude": "-76.5034981214"}}, "id": 431, "name": "Tompkins Co. Cooperative Extension"}, {"category": "Community", "location": {"coordinate": {"latitude": "42.4898416667", "longitude": "-76.4622698976"}}, "id": 432, "name": "Tompkins County Airport"}, {"category": "Community", "location": {"coordinate": {"latitude": "42.438386549", "longitude": "-76.4983660065"}}, "id": 433, "name": "Tompkins County Public Library"}, {"category": "Carshare", "location": {"coordinate": {"latitude": "42.4474983", "longitude": "-76.4792023"}}, "id": 434, "name": "Tower/Garden"}, {"category": "Carshare", "location": {"coordinate": {"latitude": "42.4450989", "longitude": "-76.4992981"}}, "id": 435, "name": "Triangle Park"}, {"category": "Ag", "location": {"coordinate": {"latitude": "42.4478957097", "longitude": "-76.4791447437"}}, "id": 436, "name": "Trillium Dining"}, {"category": "Co-ops", "location": {"coordinate": {"latitude": "42.455993", "longitude": "-76.481532"}}, "id": 437, "name": "Triphammer Road Cooperative"}, {"category": "Areas and Features", "location": {"coordinate": {"latitude": "42.4430091074", "longitude": "-76.4843018089"}}, "id": 438, "name": "Trolley Foot Bridge"}, {"category": "Near Campus", "location": {"coordinate": {"latitude": "42.459638099", "longitude": "-76.4608395827"}}, "id": 439, "name": "Turfgrass Field Research Lab"}, {"category": "North Campus", "location": {"coordinate": {"latitude": "42.4553404307", "longitude": "-76.4767229803"}}, "id": 440, "name": "Ujamaa Residential College"}, {"category": "North Campus", "location": {"coordinate": {"latitude": "42.4539194444", "longitude": "-76.4843388889"}}, "id": 441, "name": "Undergraduate Admissions Office"}, {"category": "Engineering", "location": {"coordinate": {"latitude": "42.443972", "longitude": "-76.482455"}}, "id": 442, "name": "Upson Hall"}, {"category": "Central Campus", "location": {"coordinate": {"latitude": "42.447205", "longitude": "-76.482197"}}, "id": 443, "name": "Uris Hall"}, {"category": "Arts", "location": {"coordinate": {"latitude": "42.447751", "longitude": "-76.485366"}}, "id": 444, "name": "Uris Library"}, {"category": "East Campus", "location": {"coordinate": {"latitude": "42.447425", "longitude": "-76.4658083333"}}, "id": 445, "name": "Vet Education Center"}, {"category": "East Campus", "location": {"coordinate": {"latitude": "42.4473916118", "longitude": "-76.4643647105"}}, "id": 446, "name": "Vet Medical Center"}, {"category": "East Campus", "location": {"coordinate": {"latitude": "42.44732", "longitude": "-76.466213"}}, "id": 447, "name": "Vet Research Tower"}, {"category": "Co-ops", "location": {"coordinate": {"latitude": "42.448949", "longitude": "-76.491339"}}, "id": 448, "name": "Von Cramm Hall"}, {"category": "Areas and Features", "location": {"coordinate": {"latitude": "42.447527", "longitude": "-76.48793"}}, "id": 449, "name": "War Memorial"}, {"category": "Engineering", "location": {"coordinate": {"latitude": "42.443392", "longitude": "-76.482994"}}, "id": 450, "name": "Ward Center for Nuclear Studies"}, {"category": "Co-ops", "location": {"coordinate": {"latitude": "42.4563722222", "longitude": "-76.4825166667"}}, "id": 451, "name": "Wari Cooperative"}, {"category": "Ag", "location": {"coordinate": {"latitude": "42.449213", "longitude": "-76.477098"}}, "id": 452, "name": "Warren Hall"}, {"category": "Co-ops", "location": {"coordinate": {"latitude": "42.4501324021", "longitude": "-76.4881671635"}}, "id": 453, "name": "Watermargin"}, {"category": "Areas and Features", "location": {"coordinate": {"latitude": "42.4465487723", "longitude": "-76.4832901002"}}, "id": 454, "name": "Wee Stinky Glen"}, {"category": "NYC", "location": {"coordinate": {"latitude": "40.7640593621", "longitude": "-73.9554274831"}}, "id": 455, "name": "Weill Cornell Medical College"}, {"category": "World", "location": {"coordinate": {"latitude": "25.3181138889", "longitude": "51.4393194444"}}, "id": 456, "name": "Weill Cornell Medical College in Doha, Qatar"}, {"category": "Central Campus", "location": {"coordinate": {"latitude": "42.446874", "longitude": "-76.477454"}}, "id": 457, "name": "Weill Hall"}, {"category": "Areas and Features", "location": {"coordinate": {"latitude": "42.4475836868", "longitude": "-76.4891591486"}}, "id": 458, "name": "West Campus"}, {"category": "Arts", "location": {"coordinate": {"latitude": "42.450255", "longitude": "-76.485405"}}, "id": 459, "name": "White Hall"}, {"category": "Central Campus", "location": {"coordinate": {"latitude": "42.446558", "longitude": "-76.485645"}}, "id": 460, "name": "Willard Straight Hall"}, {"category": "West Campus", "location": {"coordinate": {"latitude": "42.446723", "longitude": "-76.489547"}}, "id": 461, "name": "William T Keeton House"}, {"category": "Engineering", "location": {"coordinate": {"latitude": "42.445011", "longitude": "-76.472976"}}, "id": 462, "name": "Wilson Synchrotron Lab & Ring"}, {"category": "Parking", "location": {"coordinate": {"latitude": "42.4447106398", "longitude": "-76.4711979174"}}, "id": 463, "name": "Wilson Synchrotron Lab Parking"}, {"category": "East Campus", "location": {"coordinate": {"latitude": "42.446633", "longitude": "-76.471568"}}, "id": 464, "name": "Wing Hall"}, {"category": "Plantations", "location": {"coordinate": {"latitude": "42.4491055556", "longitude": "-76.4714138889"}}, "id": 465, "name": "Winter Garden"}, {"category": "Greek", "location": {"coordinate": {"latitude": "42.454121", "longitude": "-76.481827"}}, "id": 466, "name": "Zeta Psi"}, {"category": "Plantations", "location": {"coordinate": {"latitude": "42.4526083333", "longitude": "-76.4561055556"}}, "id": 467, "name": "Zucker Shrub Collection and Harris Lilac Collection"}, {"category": "Co-ops", "location": {"coordinate": {"latitude": "42.4443107284", "longitude": "-76.4878786983"}}, "id": 468, "name": "104 West! (Kosher Dining Hall)"}, {"category": "Co-ops", "location": {"coordinate": {"latitude": "42.4440909725", "longitude": "-76.4884117834"}}, "id": 469, "name": "112 Edgemoor"}, {"category": "Parking", "location": {"coordinate": {"latitude": "42.441306", "longitude": "-76.476433"}}, "id": 470, "name": "116 Maple Ave."}, {"category": "Near Campus", "location": {"coordinate": {"latitude": "42.441336", "longitude": "-76.47553"}}, "id": 471, "name": "120 Maple Ave."}, {"category": "Collegetown", "location": {"coordinate": {"latitude": "42.4403383147", "longitude": "-76.4849992654"}}, "id": 472, "name": "301 College Ave."}, {"category": "Collegetown", "location": {"coordinate": {"latitude": "42.4408165692", "longitude": "-76.4849764319"}}, "id": 473, "name": "309 College Ave."}, {"category": "Collegetown", "location": {"coordinate": {"latitude": "42.4408959555", "longitude": "-76.4853303369"}}, "id": 474, "name": "312 College Ave."}, {"category": "East Hill", "location": {"coordinate": {"latitude": "42.4379222222", "longitude": "-76.4627076368"}}, "id": 475, "name": "337 Pine Tree Road"}, {"category": "East Hill", "location": {"coordinate": {"latitude": "42.4379379132", "longitude": "-76.4630894531"}}, "id": 476, "name": "341 Pine Tree Road"}, {"category": "East Hill", "location": {"coordinate": {"latitude": "42.4381318134", "longitude": "-76.4621544017"}}, "id": 477, "name": "353 Pine Tree Road"}, {"category": "East Hill", "location": {"coordinate": {"latitude": "42.4376591891", "longitude": "-76.4620922176"}}, "id": 478, "name": "373 Pine Tree Road"}, {"category": "East Hill", "location": {"coordinate": {"latitude": "42.4376322977", "longitude": "-76.4631493979"}}, "id": 479, "name": "377 Pine Tree Road"}, {"category": "East Hill", "location": {"coordinate": {"latitude": "42.4390444444", "longitude": "-76.4653194444"}}, "id": 480, "name": "391 Pine Tree Road"}, {"category": "East Hill", "location": {"coordinate": {"latitude": "42.4389630776", "longitude": "-76.4631946042"}}, "id": 481, "name": "395 Pine Tree Road"}, {"category": "Community", "location": {"coordinate": {"latitude": "42.4731666328", "longitude": "-76.4190501204"}}, "id": 482, "name": "4-H Acres"}, {"category": "Collegetown", "location": {"coordinate": {"latitude": "42.4421138889", "longitude": "-76.484966"}}, "id": 483, "name": "409 College Ave."}, {"category": "West Campus", "location": {"coordinate": {"latitude": "42.4495611111", "longitude": "-76.4887861111"}}, "id": 484, "name": "726 University Ave."}]